factor_id,near_id,weight,color,level
2,2,0,#ffcc33,起始點
2,9,1,#699c4c,第1層
9,13,1,#0066cc,第2層
9,14,3,#0066cc,第2層
9,15,10,#0066cc,第2層
9,16,1,#0066cc,第2層
9,17,15880,#0066cc,第2層
9,18,11,#0066cc,第2層
9,19,92,#0066cc,第2層
9,83,21,#0066cc,第2層
9,84,267,#0066cc,第2層
9,85,36,#0066cc,第2層
9,86,46,#0066cc,第2層
9,87,5178,#0066cc,第2層
9,89,4,#0066cc,第2層
9,90,2,#0066cc,第2層
9,92,3445,#0066cc,第2層
9,93,6190,#0066cc,第2層
9,94,734,#0066cc,第2層
9,96,4,#0066cc,第2層
9,97,20,#0066cc,第2層
9,98,8,#0066cc,第2層
9,99,8155,#0066cc,第2層
9,100,2,#0066cc,第2層
9,101,20,#0066cc,第2層
9,102,86,#0066cc,第2層
9,103,107,#0066cc,第2層
9,104,1,#0066cc,第2層
9,105,1,#0066cc,第2層
9,106,24,#0066cc,第2層
9,107,1,#0066cc,第2層
9,108,71,#0066cc,第2層
9,109,7,#0066cc,第2層
9,110,1558,#0066cc,第2層
9,111,34,#0066cc,第2層
9,112,56,#0066cc,第2層
9,114,11,#0066cc,第2層
9,115,71,#0066cc,第2層
9,116,9,#0066cc,第2層
9,117,2,#0066cc,第2層
9,118,1122,#0066cc,第2層
9,119,1109,#0066cc,第2層
9,120,3514,#0066cc,第2層
9,126,15873,#0066cc,第2層
9,127,22,#0066cc,第2層
9,128,37,#0066cc,第2層
9,130,28,#0066cc,第2層
9,131,3,#0066cc,第2層
9,132,15,#0066cc,第2層
9,133,9,#0066cc,第2層
9,134,1007,#0066cc,第2層
9,135,14926,#0066cc,第2層
9,136,13,#0066cc,第2層
9,137,10,#0066cc,第2層
9,138,25,#0066cc,第2層
9,139,15912,#0066cc,第2層
9,145,46,#0066cc,第2層
9,146,4,#0066cc,第2層
9,147,115,#0066cc,第2層
9,149,15794,#0066cc,第2層
9,150,42,#0066cc,第2層
9,151,6,#0066cc,第2層
9,152,39,#0066cc,第2層
9,153,9,#0066cc,第2層
9,154,105,#0066cc,第2層
9,156,15759,#0066cc,第2層
9,157,4541,#0066cc,第2層
9,158,1361,#0066cc,第2層
9,159,628,#0066cc,第2層
9,161,6487,#0066cc,第2層
9,162,7,#0066cc,第2層
9,163,35,#0066cc,第2層
9,164,9432,#0066cc,第2層
9,165,2397,#0066cc,第2層
9,166,7488,#0066cc,第2層
9,167,62,#0066cc,第2層
9,168,426,#0066cc,第2層
9,169,387,#0066cc,第2層
9,170,3985,#0066cc,第2層
9,171,5,#0066cc,第2層
9,172,55,#0066cc,第2層
9,173,210,#0066cc,第2層
9,174,945,#0066cc,第2層
9,175,79,#0066cc,第2層
9,176,437,#0066cc,第2層
9,177,501,#0066cc,第2層
9,178,4454,#0066cc,第2層
9,179,10490,#0066cc,第2層
9,180,308,#0066cc,第2層
9,181,20,#0066cc,第2層
9,182,119,#0066cc,第2層
9,183,3570,#0066cc,第2層
9,184,15961,#0066cc,第2層
9,189,21,#0066cc,第2層
9,190,102,#0066cc,第2層
9,191,341,#0066cc,第2層
9,192,1539,#0066cc,第2層
9,193,1915,#0066cc,第2層
9,194,235,#0066cc,第2層
9,195,1575,#0066cc,第2層
9,196,8585,#0066cc,第2層
9,198,779,#0066cc,第2層
9,199,18,#0066cc,第2層
9,200,70,#0066cc,第2層
9,201,44,#0066cc,第2層
9,202,12,#0066cc,第2層
9,204,21,#0066cc,第2層
9,205,9,#0066cc,第2層
9,206,9,#0066cc,第2層
9,207,43,#0066cc,第2層
9,208,29,#0066cc,第2層
9,209,143,#0066cc,第2層
9,211,325,#0066cc,第2層
9,217,1,#0066cc,第2層
9,218,2,#0066cc,第2層
9,219,9,#0066cc,第2層
9,220,4,#0066cc,第2層
9,221,132,#0066cc,第2層
9,223,13583,#0066cc,第2層
9,224,2206,#0066cc,第2層
9,226,15882,#0066cc,第2層
9,232,3,#0066cc,第2層
9,233,41,#0066cc,第2層
9,235,30,#0066cc,第2層
9,236,5,#0066cc,第2層
9,238,42,#0066cc,第2層
9,239,111,#0066cc,第2層
9,240,2,#0066cc,第2層
9,242,20,#0066cc,第2層
9,243,1,#0066cc,第2層
9,244,43,#0066cc,第2層
9,245,6,#0066cc,第2層
9,246,148,#0066cc,第2層
9,247,117,#0066cc,第2層
9,248,4978,#0066cc,第2層
9,249,55,#0066cc,第2層
9,250,1064,#0066cc,第2層
9,251,24,#0066cc,第2層
9,252,43,#0066cc,第2層
9,253,8558,#0066cc,第2層
9,254,165,#0066cc,第2層
9,259,1,#0066cc,第2層
9,260,1,#0066cc,第2層
9,261,2,#0066cc,第2層
9,262,1,#0066cc,第2層
9,264,195,#0066cc,第2層
9,265,28,#0066cc,第2層
9,266,168,#0066cc,第2層
9,267,1,#0066cc,第2層
9,268,3,#0066cc,第2層
9,271,3,#0066cc,第2層
9,272,19,#0066cc,第2層
9,276,104,#0066cc,第2層
9,277,7,#0066cc,第2層
9,279,998,#0066cc,第2層
9,280,29,#0066cc,第2層
9,281,630,#0066cc,第2層
9,282,59,#0066cc,第2層
9,283,105,#0066cc,第2層
9,284,426,#0066cc,第2層
9,286,73,#0066cc,第2層
9,287,1,#0066cc,第2層
9,288,19,#0066cc,第2層
9,289,1,#0066cc,第2層
9,290,327,#0066cc,第2層
9,293,61,#0066cc,第2層
9,294,208,#0066cc,第2層
9,295,3004,#0066cc,第2層
9,296,1920,#0066cc,第2層
9,297,338,#0066cc,第2層
9,298,404,#0066cc,第2層
9,299,7359,#0066cc,第2層
9,300,14368,#0066cc,第2層
9,301,109,#0066cc,第2層
9,302,549,#0066cc,第2層
9,303,163,#0066cc,第2層
9,304,27,#0066cc,第2層
9,305,275,#0066cc,第2層
9,307,508,#0066cc,第2層
9,308,385,#0066cc,第2層
9,309,215,#0066cc,第2層
9,311,14984,#0066cc,第2層
9,312,64,#0066cc,第2層
9,313,48,#0066cc,第2層
9,314,40,#0066cc,第2層
9,315,29,#0066cc,第2層
9,316,43,#0066cc,第2層
9,317,77,#0066cc,第2層
9,318,114,#0066cc,第2層
9,319,156,#0066cc,第2層
9,320,306,#0066cc,第2層
9,321,41,#0066cc,第2層
9,322,270,#0066cc,第2層
9,323,54,#0066cc,第2層
9,324,104,#0066cc,第2層
9,325,117,#0066cc,第2層
9,326,851,#0066cc,第2層
9,327,313,#0066cc,第2層
9,328,45,#0066cc,第2層
9,329,891,#0066cc,第2層
9,330,11,#0066cc,第2層
9,332,32,#0066cc,第2層
9,333,26,#0066cc,第2層
9,334,3271,#0066cc,第2層
9,336,872,#0066cc,第2層
9,337,876,#0066cc,第2層
9,338,35,#0066cc,第2層
9,341,18,#0066cc,第2層
9,342,6,#0066cc,第2層
9,343,1,#0066cc,第2層
9,345,2,#0066cc,第2層
9,346,3,#0066cc,第2層
9,348,2,#0066cc,第2層
9,349,8,#0066cc,第2層
9,350,31,#0066cc,第2層
9,352,147,#0066cc,第2層
9,353,165,#0066cc,第2層
9,354,1591,#0066cc,第2層
9,357,321,#0066cc,第2層
9,358,6,#0066cc,第2層
9,361,5,#0066cc,第2層
9,362,6,#0066cc,第2層
9,363,108,#0066cc,第2層
9,365,72,#0066cc,第2層
9,366,14,#0066cc,第2層
9,367,13,#0066cc,第2層
9,368,4,#0066cc,第2層
9,370,1,#0066cc,第2層
9,373,16,#0066cc,第2層
9,374,4257,#0066cc,第2層
9,376,1,#0066cc,第2層
9,379,1,#0066cc,第2層
9,382,10,#0066cc,第2層
9,383,563,#0066cc,第2層
9,384,469,#0066cc,第2層
9,385,342,#0066cc,第2層
2,11,2,#699c4c,第1層
11,13,2,#0066cc,第2層
11,14,2,#0066cc,第2層
11,15,3,#0066cc,第2層
11,16,1,#0066cc,第2層
11,17,4986,#0066cc,第2層
11,18,9,#0066cc,第2層
11,19,18,#0066cc,第2層
11,83,1,#0066cc,第2層
11,84,85,#0066cc,第2層
11,85,7,#0066cc,第2層
11,86,7,#0066cc,第2層
11,87,1748,#0066cc,第2層
11,92,965,#0066cc,第2層
11,93,1950,#0066cc,第2層
11,94,235,#0066cc,第2層
11,95,1,#0066cc,第2層
11,96,1,#0066cc,第2層
11,97,9,#0066cc,第2層
11,98,1,#0066cc,第2層
11,99,2449,#0066cc,第2層
11,100,1,#0066cc,第2層
11,101,11,#0066cc,第2層
11,102,30,#0066cc,第2層
11,103,43,#0066cc,第2層
11,104,1,#0066cc,第2層
11,106,3,#0066cc,第2層
11,107,1,#0066cc,第2層
11,108,43,#0066cc,第2層
11,109,7,#0066cc,第2層
11,110,462,#0066cc,第2層
11,111,15,#0066cc,第2層
11,112,16,#0066cc,第2層
11,114,9,#0066cc,第2層
11,115,24,#0066cc,第2層
11,116,5,#0066cc,第2層
11,117,1,#0066cc,第2層
11,118,431,#0066cc,第2層
11,119,385,#0066cc,第2層
11,120,1072,#0066cc,第2層
11,126,4990,#0066cc,第2層
11,127,7,#0066cc,第2層
11,128,7,#0066cc,第2層
11,130,6,#0066cc,第2層
11,131,4,#0066cc,第2層
11,132,2,#0066cc,第2層
11,133,3,#0066cc,第2層
11,134,404,#0066cc,第2層
11,135,4597,#0066cc,第2層
11,136,2,#0066cc,第2層
11,137,8,#0066cc,第2層
11,138,16,#0066cc,第2層
11,139,4983,#0066cc,第2層
11,145,19,#0066cc,第2層
11,146,3,#0066cc,第2層
11,147,43,#0066cc,第2層
11,149,4945,#0066cc,第2層
11,150,11,#0066cc,第2層
11,151,7,#0066cc,第2層
11,152,10,#0066cc,第2層
11,153,3,#0066cc,第2層
11,154,42,#0066cc,第2層
11,156,4937,#0066cc,第2層
11,157,1421,#0066cc,第2層
11,158,520,#0066cc,第2層
11,159,278,#0066cc,第2層
11,161,2209,#0066cc,第2層
11,162,4,#0066cc,第2層
11,163,6,#0066cc,第2層
11,164,2791,#0066cc,第2層
11,165,828,#0066cc,第2層
11,166,2223,#0066cc,第2層
11,167,24,#0066cc,第2層
11,168,125,#0066cc,第2層
11,169,112,#0066cc,第2層
11,170,1311,#0066cc,第2層
11,171,2,#0066cc,第2層
11,172,15,#0066cc,第2層
11,173,64,#0066cc,第2層
11,174,306,#0066cc,第2層
11,175,27,#0066cc,第2層
11,176,150,#0066cc,第2層
11,177,134,#0066cc,第2層
11,178,1545,#0066cc,第2層
11,179,3153,#0066cc,第2層
11,180,109,#0066cc,第2層
11,181,10,#0066cc,第2層
11,182,33,#0066cc,第2層
11,183,1203,#0066cc,第2層
11,184,5010,#0066cc,第2層
11,189,14,#0066cc,第2層
11,190,19,#0066cc,第2層
11,191,101,#0066cc,第2層
11,192,369,#0066cc,第2層
11,193,681,#0066cc,第2層
11,194,53,#0066cc,第2層
11,195,445,#0066cc,第2層
11,196,2474,#0066cc,第2層
11,198,317,#0066cc,第2層
11,199,11,#0066cc,第2層
11,200,52,#0066cc,第2層
11,201,21,#0066cc,第2層
11,202,8,#0066cc,第2層
11,204,32,#0066cc,第2層
11,205,3,#0066cc,第2層
11,206,6,#0066cc,第2層
11,207,27,#0066cc,第2層
11,208,40,#0066cc,第2層
11,209,78,#0066cc,第2層
11,211,193,#0066cc,第2層
11,218,2,#0066cc,第2層
11,219,2,#0066cc,第2層
11,221,63,#0066cc,第2層
11,223,4169,#0066cc,第2層
11,224,759,#0066cc,第2層
11,226,4983,#0066cc,第2層
11,233,12,#0066cc,第2層
11,235,5,#0066cc,第2層
11,236,1,#0066cc,第2層
11,238,8,#0066cc,第2層
11,239,6,#0066cc,第2層
11,242,2,#0066cc,第2層
11,244,4,#0066cc,第2層
11,246,69,#0066cc,第2層
11,247,48,#0066cc,第2層
11,248,1686,#0066cc,第2層
11,249,10,#0066cc,第2層
11,250,189,#0066cc,第2層
11,251,12,#0066cc,第2層
11,252,21,#0066cc,第2層
11,253,2722,#0066cc,第2層
11,254,23,#0066cc,第2層
11,264,64,#0066cc,第2層
11,265,13,#0066cc,第2層
11,266,57,#0066cc,第2層
11,272,1,#0066cc,第2層
11,274,1,#0066cc,第2層
11,276,61,#0066cc,第2層
11,277,1,#0066cc,第2層
11,279,262,#0066cc,第2層
11,280,9,#0066cc,第2層
11,281,185,#0066cc,第2層
11,282,15,#0066cc,第2層
11,283,23,#0066cc,第2層
11,284,132,#0066cc,第2層
11,286,49,#0066cc,第2層
11,287,3,#0066cc,第2層
11,288,5,#0066cc,第2層
11,290,74,#0066cc,第2層
11,293,17,#0066cc,第2層
11,294,45,#0066cc,第2層
11,295,953,#0066cc,第2層
11,296,465,#0066cc,第2層
11,297,107,#0066cc,第2層
11,298,107,#0066cc,第2層
11,299,2560,#0066cc,第2層
11,300,4421,#0066cc,第2層
11,301,63,#0066cc,第2層
11,302,172,#0066cc,第2層
11,303,47,#0066cc,第2層
11,304,11,#0066cc,第2層
11,305,111,#0066cc,第2層
11,307,196,#0066cc,第2層
11,308,129,#0066cc,第2層
11,309,106,#0066cc,第2層
11,311,4514,#0066cc,第2層
11,312,26,#0066cc,第2層
11,313,22,#0066cc,第2層
11,314,19,#0066cc,第2層
11,315,24,#0066cc,第2層
11,316,45,#0066cc,第2層
11,317,95,#0066cc,第2層
11,318,41,#0066cc,第2層
11,319,28,#0066cc,第2層
11,320,82,#0066cc,第2層
11,321,11,#0066cc,第2層
11,322,58,#0066cc,第2層
11,323,37,#0066cc,第2層
11,324,39,#0066cc,第2層
11,325,70,#0066cc,第2層
11,326,266,#0066cc,第2層
11,327,56,#0066cc,第2層
11,328,13,#0066cc,第2層
11,329,242,#0066cc,第2層
11,332,46,#0066cc,第2層
11,333,13,#0066cc,第2層
11,334,1291,#0066cc,第2層
11,336,282,#0066cc,第2層
11,337,279,#0066cc,第2層
11,338,19,#0066cc,第2層
11,341,5,#0066cc,第2層
11,342,3,#0066cc,第2層
11,350,20,#0066cc,第2層
11,352,57,#0066cc,第2層
11,353,24,#0066cc,第2層
11,354,521,#0066cc,第2層
11,357,105,#0066cc,第2層
11,358,1,#0066cc,第2層
11,361,3,#0066cc,第2層
11,362,1,#0066cc,第2層
11,363,10,#0066cc,第2層
11,365,35,#0066cc,第2層
11,366,11,#0066cc,第2層
11,367,9,#0066cc,第2層
11,373,8,#0066cc,第2層
11,374,1158,#0066cc,第2層
11,382,7,#0066cc,第2層
11,383,157,#0066cc,第2層
11,384,138,#0066cc,第2層
11,385,77,#0066cc,第2層
2,17,3,#699c4c,第1層
17,83,19,#0066cc,第2層
17,84,367,#0066cc,第2層
17,85,43,#0066cc,第2層
17,86,51,#0066cc,第2層
17,87,7168,#0066cc,第2層
17,89,4,#0066cc,第2層
17,90,1,#0066cc,第2層
17,92,4590,#0066cc,第2層
17,93,8434,#0066cc,第2層
17,94,1003,#0066cc,第2層
17,95,1,#0066cc,第2層
17,96,4,#0066cc,第2層
17,97,31,#0066cc,第2層
17,98,9,#0066cc,第2層
17,99,10994,#0066cc,第2層
17,100,3,#0066cc,第2層
17,101,32,#0066cc,第2層
17,102,121,#0066cc,第2層
17,103,158,#0066cc,第2層
17,105,1,#0066cc,第2層
17,106,21,#0066cc,第2層
17,107,3,#0066cc,第2層
17,108,119,#0066cc,第2層
17,109,15,#0066cc,第2層
17,110,2101,#0066cc,第2層
17,111,48,#0066cc,第2層
17,112,68,#0066cc,第2層
17,114,20,#0066cc,第2層
17,115,102,#0066cc,第2層
17,116,14,#0066cc,第2層
17,117,2,#0066cc,第2層
17,118,1604,#0066cc,第2層
17,119,1557,#0066cc,第2層
17,120,4746,#0066cc,第2層
17,126,21621,#0066cc,第2層
17,127,29,#0066cc,第2層
17,128,43,#0066cc,第2層
17,130,36,#0066cc,第2層
17,131,7,#0066cc,第2層
17,132,17,#0066cc,第2層
17,133,11,#0066cc,第2層
17,134,1496,#0066cc,第2層
17,135,20198,#0066cc,第2層
17,136,16,#0066cc,第2層
17,137,18,#0066cc,第2層
17,138,41,#0066cc,第2層
17,139,21653,#0066cc,第2層
17,145,66,#0066cc,第2層
17,146,7,#0066cc,第2層
17,147,162,#0066cc,第2層
17,149,21493,#0066cc,第2層
17,150,55,#0066cc,第2層
17,151,14,#0066cc,第2層
17,152,50,#0066cc,第2層
17,153,12,#0066cc,第2層
17,154,154,#0066cc,第2層
17,156,21443,#0066cc,第2層
17,157,6171,#0066cc,第2層
17,158,1965,#0066cc,第2層
17,159,941,#0066cc,第2層
17,161,9017,#0066cc,第2層
17,162,12,#0066cc,第2層
17,163,47,#0066cc,第2層
17,164,12654,#0066cc,第2層
17,165,3337,#0066cc,第2層
17,166,10113,#0066cc,第2層
17,167,86,#0066cc,第2層
17,168,570,#0066cc,第2層
17,169,513,#0066cc,第2層
17,170,5464,#0066cc,第2層
17,171,6,#0066cc,第2層
17,172,73,#0066cc,第2層
17,173,276,#0066cc,第2層
17,174,1291,#0066cc,第2層
17,175,103,#0066cc,第2層
17,176,611,#0066cc,第2層
17,177,632,#0066cc,第2層
17,178,6203,#0066cc,第2層
17,179,14180,#0066cc,第2層
17,180,435,#0066cc,第2層
17,181,29,#0066cc,第2層
17,182,152,#0066cc,第2層
17,183,4941,#0066cc,第2層
17,184,21730,#0066cc,第2層
17,189,38,#0066cc,第2層
17,190,124,#0066cc,第2層
17,191,463,#0066cc,第2層
17,192,1978,#0066cc,第2層
17,193,2700,#0066cc,第2層
17,194,295,#0066cc,第2層
17,195,2072,#0066cc,第2層
17,196,11446,#0066cc,第2層
17,198,1151,#0066cc,第2層
17,199,31,#0066cc,第2層
17,200,127,#0066cc,第2層
17,201,66,#0066cc,第2層
17,202,20,#0066cc,第2層
17,204,55,#0066cc,第2層
17,205,12,#0066cc,第2層
17,206,16,#0066cc,第2層
17,207,76,#0066cc,第2層
17,208,74,#0066cc,第2層
17,209,224,#0066cc,第2層
17,211,540,#0066cc,第2層
17,217,1,#0066cc,第2層
17,218,6,#0066cc,第2層
17,219,11,#0066cc,第2層
17,220,4,#0066cc,第2層
17,221,203,#0066cc,第2層
17,223,18406,#0066cc,第2層
17,224,3058,#0066cc,第2層
17,226,21620,#0066cc,第2層
17,232,3,#0066cc,第2層
17,233,56,#0066cc,第2層
17,235,36,#0066cc,第2層
17,236,7,#0066cc,第2層
17,238,51,#0066cc,第2層
17,239,112,#0066cc,第2層
17,240,2,#0066cc,第2層
17,242,24,#0066cc,第2層
17,243,1,#0066cc,第2層
17,244,43,#0066cc,第2層
17,245,5,#0066cc,第2層
17,246,226,#0066cc,第2層
17,247,169,#0066cc,第2層
17,248,6896,#0066cc,第2層
17,249,67,#0066cc,第2層
17,250,1285,#0066cc,第2層
17,251,39,#0066cc,第2層
17,252,71,#0066cc,第2層
17,253,11716,#0066cc,第2層
17,254,194,#0066cc,第2層
17,259,1,#0066cc,第2層
17,260,1,#0066cc,第2層
17,261,2,#0066cc,第2層
17,262,1,#0066cc,第2層
17,264,264,#0066cc,第2層
17,265,44,#0066cc,第2層
17,266,237,#0066cc,第2層
17,267,1,#0066cc,第2層
17,268,3,#0066cc,第2層
17,271,3,#0066cc,第2層
17,272,21,#0066cc,第2層
17,274,1,#0066cc,第2層
17,276,173,#0066cc,第2層
17,277,8,#0066cc,第2層
17,279,1301,#0066cc,第2層
17,280,40,#0066cc,第2層
17,281,848,#0066cc,第2層
17,282,74,#0066cc,第2層
17,283,134,#0066cc,第2層
17,284,577,#0066cc,第2層
17,286,129,#0066cc,第2層
17,287,4,#0066cc,第2層
17,288,25,#0066cc,第2層
17,289,1,#0066cc,第2層
17,290,413,#0066cc,第2層
17,293,76,#0066cc,第2層
17,294,262,#0066cc,第2層
17,295,4119,#0066cc,第2層
17,296,2462,#0066cc,第2層
17,297,453,#0066cc,第2層
17,298,533,#0066cc,第2層
17,299,10281,#0066cc,第2層
17,300,19463,#0066cc,第2層
17,301,182,#0066cc,第2層
17,302,738,#0066cc,第2層
17,303,223,#0066cc,第2層
17,304,40,#0066cc,第2層
17,305,401,#0066cc,第2層
17,307,732,#0066cc,第2層
17,308,521,#0066cc,第2層
17,309,334,#0066cc,第2層
17,311,20203,#0066cc,第2層
17,312,91,#0066cc,第2層
17,313,72,#0066cc,第2層
17,314,62,#0066cc,第2層
17,315,53,#0066cc,第2層
17,316,94,#0066cc,第2層
17,317,186,#0066cc,第2層
17,318,163,#0066cc,第2層
17,319,191,#0066cc,第2層
17,320,408,#0066cc,第2層
17,321,51,#0066cc,第2層
17,322,339,#0066cc,第2層
17,323,97,#0066cc,第2層
17,324,147,#0066cc,第2層
17,325,194,#0066cc,第2層
17,326,1168,#0066cc,第2層
17,327,384,#0066cc,第2層
17,328,55,#0066cc,第2層
17,329,1170,#0066cc,第2層
17,330,11,#0066cc,第2層
17,332,85,#0066cc,第2層
17,333,39,#0066cc,第2層
17,334,4731,#0066cc,第2層
17,336,1201,#0066cc,第2層
17,337,1188,#0066cc,第2層
17,338,57,#0066cc,第2層
17,341,26,#0066cc,第2層
17,342,9,#0066cc,第2層
17,343,1,#0066cc,第2層
17,345,2,#0066cc,第2層
17,346,2,#0066cc,第2層
17,348,2,#0066cc,第2層
17,349,9,#0066cc,第2層
17,350,54,#0066cc,第2層
17,352,219,#0066cc,第2層
17,353,197,#0066cc,第2層
17,354,2170,#0066cc,第2層
17,357,437,#0066cc,第2層
17,358,7,#0066cc,第2層
17,361,8,#0066cc,第2層
17,362,7,#0066cc,第2層
17,363,124,#0066cc,第2層
17,365,113,#0066cc,第2層
17,366,26,#0066cc,第2層
17,367,22,#0066cc,第2層
17,368,4,#0066cc,第2層
17,370,1,#0066cc,第2層
17,373,25,#0066cc,第2層
17,374,5599,#0066cc,第2層
17,376,1,#0066cc,第2層
17,379,1,#0066cc,第2層
17,382,12,#0066cc,第2層
17,383,746,#0066cc,第2層
17,384,632,#0066cc,第2層
17,385,433,#0066cc,第2層
2,84,1,#699c4c,第1層
84,103,7,#0066cc,第2層
84,107,1,#0066cc,第2層
84,108,1,#0066cc,第2層
84,111,1,#0066cc,第2層
84,112,6,#0066cc,第2層
84,117,2,#0066cc,第2層
84,118,24,#0066cc,第2層
84,119,38,#0066cc,第2層
84,120,291,#0066cc,第2層
84,126,371,#0066cc,第2層
84,132,4,#0066cc,第2層
84,133,1,#0066cc,第2層
84,134,26,#0066cc,第2層
84,135,340,#0066cc,第2層
84,137,1,#0066cc,第2層
84,139,370,#0066cc,第2層
84,147,4,#0066cc,第2層
84,149,367,#0066cc,第2層
84,150,36,#0066cc,第2層
84,152,2,#0066cc,第2層
84,153,1,#0066cc,第2層
84,154,4,#0066cc,第2層
84,156,328,#0066cc,第2層
84,157,2,#0066cc,第2層
84,158,1,#0066cc,第2層
84,159,2,#0066cc,第2層
84,161,5,#0066cc,第2層
84,164,366,#0066cc,第2層
84,165,37,#0066cc,第2層
84,166,174,#0066cc,第2層
84,167,1,#0066cc,第2層
84,168,6,#0066cc,第2層
84,169,20,#0066cc,第2層
84,170,103,#0066cc,第2層
84,172,1,#0066cc,第2層
84,173,3,#0066cc,第2層
84,174,26,#0066cc,第2層
84,176,7,#0066cc,第2層
84,177,10,#0066cc,第2層
84,178,81,#0066cc,第2層
84,179,273,#0066cc,第2層
84,180,4,#0066cc,第2層
84,182,4,#0066cc,第2層
84,183,61,#0066cc,第2層
84,184,371,#0066cc,第2層
84,189,1,#0066cc,第2層
84,190,32,#0066cc,第2層
84,191,63,#0066cc,第2層
84,192,22,#0066cc,第2層
84,193,19,#0066cc,第2層
84,194,6,#0066cc,第2層
84,195,1,#0066cc,第2層
84,196,102,#0066cc,第2層
84,198,72,#0066cc,第2層
84,199,9,#0066cc,第2層
84,201,11,#0066cc,第2層
84,202,3,#0066cc,第2層
84,204,2,#0066cc,第2層
84,206,1,#0066cc,第2層
84,207,13,#0066cc,第2層
84,209,10,#0066cc,第2層
84,211,2,#0066cc,第2層
84,221,2,#0066cc,第2層
84,223,315,#0066cc,第2層
84,224,53,#0066cc,第2層
84,226,371,#0066cc,第2層
84,233,2,#0066cc,第2層
84,235,1,#0066cc,第2層
84,236,1,#0066cc,第2層
84,239,2,#0066cc,第2層
84,246,1,#0066cc,第2層
84,247,2,#0066cc,第2層
84,248,89,#0066cc,第2層
84,249,1,#0066cc,第2層
84,250,29,#0066cc,第2層
84,251,2,#0066cc,第2層
84,252,3,#0066cc,第2層
84,253,228,#0066cc,第2層
84,254,3,#0066cc,第2層
84,264,2,#0066cc,第2層
84,266,4,#0066cc,第2層
84,276,1,#0066cc,第2層
84,279,12,#0066cc,第2層
84,281,9,#0066cc,第2層
84,282,3,#0066cc,第2層
84,283,2,#0066cc,第2層
84,284,17,#0066cc,第2層
84,288,1,#0066cc,第2層
84,290,6,#0066cc,第2層
84,294,4,#0066cc,第2層
84,295,24,#0066cc,第2層
84,296,19,#0066cc,第2層
84,297,6,#0066cc,第2層
84,298,6,#0066cc,第2層
84,299,262,#0066cc,第2層
84,300,331,#0066cc,第2層
84,301,8,#0066cc,第2層
84,302,14,#0066cc,第2層
84,303,2,#0066cc,第2層
84,304,4,#0066cc,第2層
84,305,5,#0066cc,第2層
84,307,7,#0066cc,第2層
84,308,4,#0066cc,第2層
84,309,5,#0066cc,第2層
84,311,338,#0066cc,第2層
84,312,5,#0066cc,第2層
84,313,4,#0066cc,第2層
84,315,1,#0066cc,第2層
84,316,2,#0066cc,第2層
84,317,7,#0066cc,第2層
84,318,5,#0066cc,第2層
84,319,5,#0066cc,第2層
84,320,2,#0066cc,第2層
84,322,5,#0066cc,第2層
84,323,12,#0066cc,第2層
84,324,9,#0066cc,第2層
84,325,1,#0066cc,第2層
84,326,7,#0066cc,第2層
84,327,15,#0066cc,第2層
84,329,12,#0066cc,第2層
84,330,2,#0066cc,第2層
84,332,2,#0066cc,第2層
84,334,150,#0066cc,第2層
84,336,1,#0066cc,第2層
84,337,17,#0066cc,第2層
84,342,1,#0066cc,第2層
84,352,2,#0066cc,第2層
84,353,1,#0066cc,第2層
84,354,63,#0066cc,第2層
84,357,5,#0066cc,第2層
84,361,1,#0066cc,第2層
84,362,1,#0066cc,第2層
84,363,38,#0066cc,第2層
84,365,1,#0066cc,第2層
84,374,7,#0066cc,第2層
84,382,2,#0066cc,第2層
84,383,10,#0066cc,第2層
84,384,1,#0066cc,第2層
84,385,1,#0066cc,第2層
2,87,2,#699c4c,第1層
87,99,6,#0066cc,第2層
87,100,3,#0066cc,第2層
87,101,29,#0066cc,第2層
87,102,112,#0066cc,第2層
87,103,138,#0066cc,第2層
87,104,2,#0066cc,第2層
87,105,1,#0066cc,第2層
87,106,21,#0066cc,第2層
87,108,2,#0066cc,第2層
87,109,3,#0066cc,第2層
87,110,11,#0066cc,第2層
87,111,46,#0066cc,第2層
87,112,59,#0066cc,第2層
87,116,7,#0066cc,第2層
87,117,1,#0066cc,第2層
87,118,1443,#0066cc,第2層
87,119,1403,#0066cc,第2層
87,120,3969,#0066cc,第2層
87,126,7199,#0066cc,第2層
87,127,15,#0066cc,第2層
87,128,31,#0066cc,第2層
87,130,9,#0066cc,第2層
87,131,1,#0066cc,第2層
87,132,4,#0066cc,第2層
87,133,7,#0066cc,第2層
87,134,541,#0066cc,第2層
87,135,6702,#0066cc,第2層
87,136,2,#0066cc,第2層
87,137,14,#0066cc,第2層
87,138,22,#0066cc,第2層
87,139,7215,#0066cc,第2層
87,145,27,#0066cc,第2層
87,146,5,#0066cc,第2層
87,147,71,#0066cc,第2層
87,149,7151,#0066cc,第2層
87,150,5,#0066cc,第2層
87,151,2,#0066cc,第2層
87,152,3,#0066cc,第2層
87,153,2,#0066cc,第2層
87,154,50,#0066cc,第2層
87,156,7192,#0066cc,第2層
87,157,447,#0066cc,第2層
87,158,97,#0066cc,第2層
87,159,58,#0066cc,第2層
87,161,594,#0066cc,第2層
87,162,2,#0066cc,第2層
87,163,4,#0066cc,第2層
87,164,6655,#0066cc,第2層
87,165,1907,#0066cc,第2層
87,166,967,#0066cc,第2層
87,167,63,#0066cc,第2層
87,168,295,#0066cc,第2層
87,169,209,#0066cc,第2層
87,170,2742,#0066cc,第2層
87,171,4,#0066cc,第2層
87,172,53,#0066cc,第2層
87,173,120,#0066cc,第2層
87,174,895,#0066cc,第2層
87,175,31,#0066cc,第2層
87,176,206,#0066cc,第2層
87,177,324,#0066cc,第2層
87,178,3525,#0066cc,第2層
87,179,3169,#0066cc,第2層
87,180,263,#0066cc,第2層
87,181,17,#0066cc,第2層
87,182,75,#0066cc,第2層
87,183,2701,#0066cc,第2層
87,184,7256,#0066cc,第2層
87,189,14,#0066cc,第2層
87,190,64,#0066cc,第2層
87,191,150,#0066cc,第2層
87,192,921,#0066cc,第2層
87,193,1404,#0066cc,第2層
87,194,184,#0066cc,第2層
87,195,10,#0066cc,第2層
87,196,3299,#0066cc,第2層
87,198,509,#0066cc,第2層
87,199,14,#0066cc,第2層
87,200,80,#0066cc,第2層
87,201,39,#0066cc,第2層
87,202,6,#0066cc,第2層
87,204,24,#0066cc,第2層
87,205,9,#0066cc,第2層
87,206,7,#0066cc,第2層
87,207,52,#0066cc,第2層
87,208,51,#0066cc,第2層
87,209,126,#0066cc,第2層
87,211,174,#0066cc,第2層
87,218,4,#0066cc,第2層
87,219,4,#0066cc,第2層
87,220,4,#0066cc,第2層
87,221,109,#0066cc,第2層
87,223,6041,#0066cc,第2層
87,224,1088,#0066cc,第2層
87,226,7207,#0066cc,第2層
87,232,2,#0066cc,第2層
87,233,23,#0066cc,第2層
87,235,21,#0066cc,第2層
87,236,1,#0066cc,第2層
87,238,22,#0066cc,第2層
87,239,51,#0066cc,第2層
87,240,1,#0066cc,第2層
87,242,8,#0066cc,第2層
87,243,1,#0066cc,第2層
87,244,25,#0066cc,第2層
87,245,3,#0066cc,第2層
87,246,62,#0066cc,第2層
87,247,58,#0066cc,第2層
87,248,2168,#0066cc,第2層
87,249,24,#0066cc,第2層
87,250,433,#0066cc,第2層
87,251,13,#0066cc,第2層
87,252,25,#0066cc,第2層
87,253,3940,#0066cc,第2層
87,254,61,#0066cc,第2層
87,261,1,#0066cc,第2層
87,264,102,#0066cc,第2層
87,265,24,#0066cc,第2層
87,266,69,#0066cc,第2層
87,271,2,#0066cc,第2層
87,272,12,#0066cc,第2層
87,276,100,#0066cc,第2層
87,277,4,#0066cc,第2層
87,279,733,#0066cc,第2層
87,280,20,#0066cc,第2層
87,281,480,#0066cc,第2層
87,282,30,#0066cc,第2層
87,283,107,#0066cc,第2層
87,284,316,#0066cc,第2層
87,286,72,#0066cc,第2層
87,287,2,#0066cc,第2層
87,288,14,#0066cc,第2層
87,289,1,#0066cc,第2層
87,290,241,#0066cc,第2層
87,293,58,#0066cc,第2層
87,294,128,#0066cc,第2層
87,295,372,#0066cc,第2層
87,296,292,#0066cc,第2層
87,297,283,#0066cc,第2層
87,298,322,#0066cc,第2層
87,299,3786,#0066cc,第2層
87,300,6409,#0066cc,第2層
87,301,57,#0066cc,第2層
87,302,244,#0066cc,第2層
87,303,85,#0066cc,第2層
87,304,11,#0066cc,第2層
87,305,150,#0066cc,第2層
87,307,302,#0066cc,第2層
87,308,261,#0066cc,第2層
87,309,161,#0066cc,第2層
87,311,6504,#0066cc,第2層
87,312,29,#0066cc,第2層
87,313,29,#0066cc,第2層
87,314,27,#0066cc,第2層
87,315,26,#0066cc,第2層
87,316,47,#0066cc,第2層
87,317,102,#0066cc,第2層
87,318,72,#0066cc,第2層
87,319,62,#0066cc,第2層
87,320,200,#0066cc,第2層
87,321,36,#0066cc,第2層
87,322,206,#0066cc,第2層
87,323,36,#0066cc,第2層
87,324,9,#0066cc,第2層
87,325,1,#0066cc,第2層
87,326,590,#0066cc,第2層
87,327,195,#0066cc,第2層
87,328,43,#0066cc,第2層
87,329,688,#0066cc,第2層
87,330,3,#0066cc,第2層
87,332,56,#0066cc,第2層
87,333,27,#0066cc,第2層
87,334,2249,#0066cc,第2層
87,336,14,#0066cc,第2層
87,337,475,#0066cc,第2層
87,338,16,#0066cc,第2層
87,341,11,#0066cc,第2層
87,342,4,#0066cc,第2層
87,343,1,#0066cc,第2層
87,345,1,#0066cc,第2層
87,346,2,#0066cc,第2層
87,348,2,#0066cc,第2層
87,349,4,#0066cc,第2層
87,350,37,#0066cc,第2層
87,352,94,#0066cc,第2層
87,353,157,#0066cc,第2層
87,354,912,#0066cc,第2層
87,357,152,#0066cc,第2層
87,358,6,#0066cc,第2層
87,361,6,#0066cc,第2層
87,362,2,#0066cc,第2層
87,363,40,#0066cc,第2層
87,365,70,#0066cc,第2層
87,366,8,#0066cc,第2層
87,367,16,#0066cc,第2層
87,368,3,#0066cc,第2層
87,370,1,#0066cc,第2層
87,373,12,#0066cc,第2層
87,374,408,#0066cc,第2層
87,382,8,#0066cc,第2層
87,383,454,#0066cc,第2層
87,384,72,#0066cc,第2層
87,385,52,#0066cc,第2層
2,120,3,#699c4c,第1層
120,126,4779,#0066cc,第2層
120,127,6,#0066cc,第2層
120,128,7,#0066cc,第2層
120,130,8,#0066cc,第2層
120,131,1,#0066cc,第2層
120,132,6,#0066cc,第2層
120,133,7,#0066cc,第2層
120,134,333,#0066cc,第2層
120,135,4453,#0066cc,第2層
120,136,2,#0066cc,第2層
120,137,9,#0066cc,第2層
120,138,15,#0066cc,第2層
120,139,4772,#0066cc,第2層
120,145,17,#0066cc,第2層
120,146,3,#0066cc,第2層
120,147,34,#0066cc,第2層
120,149,4746,#0066cc,第2層
120,150,36,#0066cc,第2層
120,151,2,#0066cc,第2層
120,152,6,#0066cc,第2層
120,153,6,#0066cc,第2層
120,154,31,#0066cc,第2層
120,156,4719,#0066cc,第2層
120,157,369,#0066cc,第2層
120,158,86,#0066cc,第2層
120,159,56,#0066cc,第2層
120,161,507,#0066cc,第2層
120,162,1,#0066cc,第2層
120,163,2,#0066cc,第2層
120,164,4292,#0066cc,第2層
120,165,732,#0066cc,第2層
120,166,1120,#0066cc,第2層
120,167,28,#0066cc,第2層
120,168,140,#0066cc,第2層
120,169,175,#0066cc,第2層
120,170,1907,#0066cc,第2層
120,171,4,#0066cc,第2層
120,172,39,#0066cc,第2層
120,173,64,#0066cc,第2層
120,174,592,#0066cc,第2層
120,175,19,#0066cc,第2層
120,176,132,#0066cc,第2層
120,177,197,#0066cc,第2層
120,178,1769,#0066cc,第2層
120,179,2682,#0066cc,第2層
120,180,9,#0066cc,第2層
120,181,2,#0066cc,第2層
120,182,5,#0066cc,第2層
120,183,359,#0066cc,第2層
120,184,4802,#0066cc,第2層
120,189,12,#0066cc,第2層
120,190,83,#0066cc,第2層
120,191,225,#0066cc,第2層
120,192,577,#0066cc,第2層
120,193,744,#0066cc,第2層
120,194,143,#0066cc,第2層
120,195,32,#0066cc,第2層
120,196,2140,#0066cc,第2層
120,198,356,#0066cc,第2層
120,199,15,#0066cc,第2層
120,200,57,#0066cc,第2層
120,201,31,#0066cc,第2層
120,202,6,#0066cc,第2層
120,204,13,#0066cc,第2層
120,205,2,#0066cc,第2層
120,206,7,#0066cc,第2層
120,207,46,#0066cc,第2層
120,208,30,#0066cc,第2層
120,209,84,#0066cc,第2層
120,211,126,#0066cc,第2層
120,218,3,#0066cc,第2層
120,219,1,#0066cc,第2層
120,220,1,#0066cc,第2層
120,221,68,#0066cc,第2層
120,223,3934,#0066cc,第2層
120,224,769,#0066cc,第2層
120,226,4768,#0066cc,第2層
120,232,1,#0066cc,第2層
120,233,15,#0066cc,第2層
120,235,13,#0066cc,第2層
120,236,1,#0066cc,第2層
120,238,9,#0066cc,第2層
120,239,33,#0066cc,第2層
120,242,5,#0066cc,第2層
120,244,10,#0066cc,第2層
120,245,2,#0066cc,第2層
120,246,41,#0066cc,第2層
120,247,40,#0066cc,第2層
120,248,1444,#0066cc,第2層
120,249,18,#0066cc,第2層
120,250,281,#0066cc,第2層
120,251,16,#0066cc,第2層
120,252,18,#0066cc,第2層
120,253,2579,#0066cc,第2層
120,254,45,#0066cc,第2層
120,264,62,#0066cc,第2層
120,265,19,#0066cc,第2層
120,266,58,#0066cc,第2層
120,268,1,#0066cc,第2層
120,271,2,#0066cc,第2層
120,272,12,#0066cc,第2層
120,276,74,#0066cc,第2層
120,277,1,#0066cc,第2層
120,279,450,#0066cc,第2層
120,280,15,#0066cc,第2層
120,281,288,#0066cc,第2層
120,282,20,#0066cc,第2層
120,283,64,#0066cc,第2層
120,284,205,#0066cc,第2層
120,286,53,#0066cc,第2層
120,287,2,#0066cc,第2層
120,288,7,#0066cc,第2層
120,290,186,#0066cc,第2層
120,293,33,#0066cc,第2層
120,294,97,#0066cc,第2層
120,295,360,#0066cc,第2層
120,296,214,#0066cc,第2層
120,297,142,#0066cc,第2層
120,298,153,#0066cc,第2層
120,299,2513,#0066cc,第2層
120,300,4213,#0066cc,第2層
120,301,50,#0066cc,第2層
120,302,170,#0066cc,第2層
120,303,48,#0066cc,第2層
120,304,11,#0066cc,第2層
120,305,92,#0066cc,第2層
120,307,218,#0066cc,第2層
120,308,167,#0066cc,第2層
120,309,111,#0066cc,第2層
120,311,4298,#0066cc,第2層
120,312,21,#0066cc,第2層
120,313,23,#0066cc,第2層
120,314,17,#0066cc,第2層
120,315,14,#0066cc,第2層
120,316,30,#0066cc,第2層
120,317,75,#0066cc,第2層
120,318,46,#0066cc,第2層
120,319,54,#0066cc,第2層
120,320,124,#0066cc,第2層
120,321,20,#0066cc,第2層
120,322,160,#0066cc,第2層
120,323,27,#0066cc,第2層
120,324,14,#0066cc,第2層
120,326,341,#0066cc,第2層
120,327,149,#0066cc,第2層
120,328,29,#0066cc,第2層
120,329,430,#0066cc,第2層
120,330,3,#0066cc,第2層
120,332,37,#0066cc,第2層
120,333,12,#0066cc,第2層
120,334,1451,#0066cc,第2層
120,336,17,#0066cc,第2層
120,337,281,#0066cc,第2層
120,338,9,#0066cc,第2層
120,341,9,#0066cc,第2層
120,342,3,#0066cc,第2層
120,348,2,#0066cc,第2層
120,349,2,#0066cc,第2層
120,350,21,#0066cc,第2層
120,352,59,#0066cc,第2層
120,353,88,#0066cc,第2層
120,354,614,#0066cc,第2層
120,357,110,#0066cc,第2層
120,358,2,#0066cc,第2層
120,361,4,#0066cc,第2層
120,362,3,#0066cc,第2層
120,363,91,#0066cc,第2層
120,365,47,#0066cc,第2層
120,366,7,#0066cc,第2層
120,367,11,#0066cc,第2層
120,368,3,#0066cc,第2層
120,373,13,#0066cc,第2層
120,374,352,#0066cc,第2層
120,382,9,#0066cc,第2層
120,383,224,#0066cc,第2層
120,384,62,#0066cc,第2層
120,385,33,#0066cc,第2層
2,126,3,#699c4c,第1層
126,131,7,#0066cc,第2層
126,132,17,#0066cc,第2層
126,133,14,#0066cc,第2層
126,134,1492,#0066cc,第2層
126,135,20250,#0066cc,第2層
126,136,16,#0066cc,第2層
126,137,17,#0066cc,第2層
126,138,42,#0066cc,第2層
126,139,21704,#0066cc,第2層
126,145,65,#0066cc,第2層
126,146,7,#0066cc,第2層
126,147,164,#0066cc,第2層
126,149,21544,#0066cc,第2層
126,150,57,#0066cc,第2層
126,151,14,#0066cc,第2層
126,152,48,#0066cc,第2層
126,153,13,#0066cc,第2層
126,154,157,#0066cc,第2層
126,156,21490,#0066cc,第2層
126,157,6186,#0066cc,第2層
126,158,1959,#0066cc,第2層
126,159,943,#0066cc,第2層
126,161,9028,#0066cc,第2層
126,162,12,#0066cc,第2層
126,163,47,#0066cc,第2層
126,164,12694,#0066cc,第2層
126,165,3354,#0066cc,第2層
126,166,10099,#0066cc,第2層
126,167,91,#0066cc,第2層
126,168,572,#0066cc,第2層
126,169,521,#0066cc,第2層
126,170,5477,#0066cc,第2層
126,171,8,#0066cc,第2層
126,172,73,#0066cc,第2層
126,173,284,#0066cc,第2層
126,174,1301,#0066cc,第2層
126,175,107,#0066cc,第2層
126,176,610,#0066cc,第2層
126,177,653,#0066cc,第2層
126,178,6236,#0066cc,第2層
126,179,14172,#0066cc,第2層
126,180,436,#0066cc,第2層
126,181,31,#0066cc,第2層
126,182,154,#0066cc,第2層
126,183,4958,#0066cc,第2層
126,184,21779,#0066cc,第2層
126,189,38,#0066cc,第2層
126,190,129,#0066cc,第2層
126,191,469,#0066cc,第2層
126,192,2001,#0066cc,第2層
126,193,2720,#0066cc,第2層
126,194,295,#0066cc,第2層
126,195,2076,#0066cc,第2層
126,196,11449,#0066cc,第2層
126,198,1148,#0066cc,第2層
126,199,30,#0066cc,第2層
126,200,128,#0066cc,第2層
126,201,67,#0066cc,第2層
126,202,21,#0066cc,第2層
126,204,56,#0066cc,第2層
126,205,12,#0066cc,第2層
126,206,14,#0066cc,第2層
126,207,75,#0066cc,第2層
126,208,74,#0066cc,第2層
126,209,223,#0066cc,第2層
126,211,540,#0066cc,第2層
126,217,1,#0066cc,第2層
126,218,6,#0066cc,第2層
126,219,11,#0066cc,第2層
126,220,4,#0066cc,第2層
126,221,195,#0066cc,第2層
126,223,18455,#0066cc,第2層
126,224,3055,#0066cc,第2層
126,226,21667,#0066cc,第2層
126,232,3,#0066cc,第2層
126,233,56,#0066cc,第2層
126,235,36,#0066cc,第2層
126,236,7,#0066cc,第2層
126,238,51,#0066cc,第2層
126,239,117,#0066cc,第2層
126,240,1,#0066cc,第2層
126,242,24,#0066cc,第2層
126,243,1,#0066cc,第2層
126,244,46,#0066cc,第2層
126,245,6,#0066cc,第2層
126,246,225,#0066cc,第2層
126,247,170,#0066cc,第2層
126,248,6909,#0066cc,第2層
126,249,68,#0066cc,第2層
126,250,1282,#0066cc,第2層
126,251,39,#0066cc,第2層
126,252,72,#0066cc,第2層
126,253,11698,#0066cc,第2層
126,254,193,#0066cc,第2層
126,259,1,#0066cc,第2層
126,260,1,#0066cc,第2層
126,261,2,#0066cc,第2層
126,262,1,#0066cc,第2層
126,264,269,#0066cc,第2層
126,265,44,#0066cc,第2層
126,266,239,#0066cc,第2層
126,267,1,#0066cc,第2層
126,268,3,#0066cc,第2層
126,271,2,#0066cc,第2層
126,272,20,#0066cc,第2層
126,274,1,#0066cc,第2層
126,276,172,#0066cc,第2層
126,277,8,#0066cc,第2層
126,279,1301,#0066cc,第2層
126,280,40,#0066cc,第2層
126,281,848,#0066cc,第2層
126,282,77,#0066cc,第2層
126,283,135,#0066cc,第2層
126,284,575,#0066cc,第2層
126,286,129,#0066cc,第2層
126,287,4,#0066cc,第2層
126,288,25,#0066cc,第2層
126,289,1,#0066cc,第2層
126,290,411,#0066cc,第2層
126,293,76,#0066cc,第2層
126,294,263,#0066cc,第2層
126,295,4128,#0066cc,第2層
126,296,2461,#0066cc,第2層
126,297,462,#0066cc,第2層
126,298,534,#0066cc,第2層
126,299,10311,#0066cc,第2層
126,300,19472,#0066cc,第2層
126,301,184,#0066cc,第2層
126,302,735,#0066cc,第2層
126,303,220,#0066cc,第2層
126,304,39,#0066cc,第2層
126,305,395,#0066cc,第2層
126,307,737,#0066cc,第2層
126,308,526,#0066cc,第2層
126,309,332,#0066cc,第2層
126,311,20206,#0066cc,第2層
126,312,92,#0066cc,第2層
126,313,72,#0066cc,第2層
126,314,62,#0066cc,第2層
126,315,53,#0066cc,第2層
126,316,94,#0066cc,第2層
126,317,186,#0066cc,第2層
126,318,159,#0066cc,第2層
126,319,191,#0066cc,第2層
126,320,406,#0066cc,第2層
126,321,52,#0066cc,第2層
126,322,331,#0066cc,第2層
126,323,97,#0066cc,第2層
126,324,148,#0066cc,第2層
126,325,193,#0066cc,第2層
126,326,1173,#0066cc,第2層
126,327,378,#0066cc,第2層
126,328,57,#0066cc,第2層
126,329,1165,#0066cc,第2層
126,330,12,#0066cc,第2層
126,332,85,#0066cc,第2層
126,333,38,#0066cc,第2層
126,334,4745,#0066cc,第2層
126,336,1201,#0066cc,第2層
126,337,1183,#0066cc,第2層
126,338,57,#0066cc,第2層
126,341,26,#0066cc,第2層
126,342,9,#0066cc,第2層
126,343,1,#0066cc,第2層
126,345,2,#0066cc,第2層
126,346,3,#0066cc,第2層
126,348,2,#0066cc,第2層
126,349,9,#0066cc,第2層
126,350,55,#0066cc,第2層
126,352,218,#0066cc,第2層
126,353,197,#0066cc,第2層
126,354,2159,#0066cc,第2層
126,357,438,#0066cc,第2層
126,358,7,#0066cc,第2層
126,361,8,#0066cc,第2層
126,362,7,#0066cc,第2層
126,363,128,#0066cc,第2層
126,365,112,#0066cc,第2層
126,366,26,#0066cc,第2層
126,367,22,#0066cc,第2層
126,368,4,#0066cc,第2層
126,370,1,#0066cc,第2層
126,373,25,#0066cc,第2層
126,374,5600,#0066cc,第2層
126,376,1,#0066cc,第2層
126,379,1,#0066cc,第2層
126,382,18,#0066cc,第2層
126,383,752,#0066cc,第2層
126,384,634,#0066cc,第2層
126,385,434,#0066cc,第2層
2,135,3,#699c4c,第1層
135,136,13,#0066cc,第2層
135,137,17,#0066cc,第2層
135,138,35,#0066cc,第2層
135,139,20284,#0066cc,第2層
135,145,65,#0066cc,第2層
135,146,5,#0066cc,第2層
135,147,146,#0066cc,第2層
135,149,20133,#0066cc,第2層
135,150,53,#0066cc,第2層
135,151,13,#0066cc,第2層
135,152,47,#0066cc,第2層
135,153,11,#0066cc,第2層
135,154,132,#0066cc,第2層
135,156,20093,#0066cc,第2層
135,157,5793,#0066cc,第2層
135,158,1842,#0066cc,第2層
135,159,884,#0066cc,第2層
135,161,8464,#0066cc,第2層
135,162,10,#0066cc,第2層
135,163,44,#0066cc,第2層
135,164,11833,#0066cc,第2層
135,165,3110,#0066cc,第2層
135,166,9488,#0066cc,第2層
135,167,82,#0066cc,第2層
135,168,533,#0066cc,第2層
135,169,490,#0066cc,第2層
135,170,5089,#0066cc,第2層
135,171,8,#0066cc,第2層
135,172,72,#0066cc,第2層
135,173,269,#0066cc,第2層
135,174,1209,#0066cc,第2層
135,175,99,#0066cc,第2層
135,176,564,#0066cc,第2層
135,177,608,#0066cc,第2層
135,178,5790,#0066cc,第2層
135,179,13287,#0066cc,第2層
135,180,411,#0066cc,第2層
135,181,30,#0066cc,第2層
135,182,146,#0066cc,第2層
135,183,4606,#0066cc,第2層
135,184,20349,#0066cc,第2層
135,189,35,#0066cc,第2層
135,190,123,#0066cc,第2層
135,191,441,#0066cc,第2層
135,192,1915,#0066cc,第2層
135,193,2596,#0066cc,第2層
135,194,287,#0066cc,第2層
135,195,1979,#0066cc,第2層
135,196,10749,#0066cc,第2層
135,198,888,#0066cc,第2層
135,199,29,#0066cc,第2層
135,200,114,#0066cc,第2層
135,201,55,#0066cc,第2層
135,202,18,#0066cc,第2層
135,204,50,#0066cc,第2層
135,205,12,#0066cc,第2層
135,206,14,#0066cc,第2層
135,207,69,#0066cc,第2層
135,208,68,#0066cc,第2層
135,209,203,#0066cc,第2層
135,211,494,#0066cc,第2層
135,217,1,#0066cc,第2層
135,218,6,#0066cc,第2層
135,219,11,#0066cc,第2層
135,220,4,#0066cc,第2層
135,221,191,#0066cc,第2層
135,223,17240,#0066cc,第2層
135,224,2846,#0066cc,第2層
135,226,20243,#0066cc,第2層
135,232,3,#0066cc,第2層
135,233,53,#0066cc,第2層
135,235,34,#0066cc,第2層
135,236,7,#0066cc,第2層
135,238,48,#0066cc,第2層
135,239,106,#0066cc,第2層
135,240,1,#0066cc,第2層
135,242,23,#0066cc,第2層
135,244,46,#0066cc,第2層
135,245,5,#0066cc,第2層
135,246,206,#0066cc,第2層
135,247,157,#0066cc,第2層
135,248,6467,#0066cc,第2層
135,249,63,#0066cc,第2層
135,250,1199,#0066cc,第2層
135,251,37,#0066cc,第2層
135,252,68,#0066cc,第2層
135,253,10891,#0066cc,第2層
135,254,184,#0066cc,第2層
135,259,1,#0066cc,第2層
135,260,1,#0066cc,第2層
135,261,2,#0066cc,第2層
135,262,1,#0066cc,第2層
135,264,268,#0066cc,第2層
135,265,44,#0066cc,第2層
135,266,222,#0066cc,第2層
135,267,1,#0066cc,第2層
135,268,3,#0066cc,第2層
135,271,3,#0066cc,第2層
135,272,20,#0066cc,第2層
135,274,1,#0066cc,第2層
135,276,166,#0066cc,第2層
135,277,7,#0066cc,第2層
135,279,1234,#0066cc,第2層
135,280,37,#0066cc,第2層
135,281,802,#0066cc,第2層
135,282,67,#0066cc,第2層
135,283,129,#0066cc,第2層
135,284,543,#0066cc,第2層
135,286,123,#0066cc,第2層
135,287,4,#0066cc,第2層
135,288,24,#0066cc,第2層
135,289,1,#0066cc,第2層
135,290,396,#0066cc,第2層
135,293,72,#0066cc,第2層
135,294,250,#0066cc,第2層
135,295,3831,#0066cc,第2層
135,296,2333,#0066cc,第2層
135,297,444,#0066cc,第2層
135,298,507,#0066cc,第2層
135,299,9554,#0066cc,第2層
135,300,18151,#0066cc,第2層
135,301,178,#0066cc,第2層
135,302,690,#0066cc,第2層
135,303,204,#0066cc,第2層
135,304,39,#0066cc,第2層
135,305,377,#0066cc,第2層
135,307,713,#0066cc,第2層
135,308,488,#0066cc,第2層
135,309,318,#0066cc,第2層
135,311,18880,#0066cc,第2層
135,312,86,#0066cc,第2層
135,313,67,#0066cc,第2層
135,314,59,#0066cc,第2層
135,315,49,#0066cc,第2層
135,316,85,#0066cc,第2層
135,317,173,#0066cc,第2層
135,318,147,#0066cc,第2層
135,319,185,#0066cc,第2層
135,320,374,#0066cc,第2層
135,321,49,#0066cc,第2層
135,322,320,#0066cc,第2層
135,323,88,#0066cc,第2層
135,324,132,#0066cc,第2層
135,325,171,#0066cc,第2層
135,326,1109,#0066cc,第2層
135,327,362,#0066cc,第2層
135,328,54,#0066cc,第2層
135,329,1102,#0066cc,第2層
135,330,12,#0066cc,第2層
135,332,80,#0066cc,第2層
135,333,38,#0066cc,第2層
135,334,4361,#0066cc,第2層
135,336,1114,#0066cc,第2層
135,337,1142,#0066cc,第2層
135,338,54,#0066cc,第2層
135,341,25,#0066cc,第2層
135,342,9,#0066cc,第2層
135,343,1,#0066cc,第2層
135,345,1,#0066cc,第2層
135,346,3,#0066cc,第2層
135,348,2,#0066cc,第2層
135,349,8,#0066cc,第2層
135,350,52,#0066cc,第2層
135,352,210,#0066cc,第2層
135,353,183,#0066cc,第2層
135,354,1936,#0066cc,第2層
135,357,403,#0066cc,第2層
135,358,7,#0066cc,第2層
135,361,8,#0066cc,第2層
135,362,6,#0066cc,第2層
135,363,124,#0066cc,第2層
135,365,108,#0066cc,第2層
135,366,25,#0066cc,第2層
135,367,21,#0066cc,第2層
135,368,4,#0066cc,第2層
135,370,1,#0066cc,第2層
135,373,24,#0066cc,第2層
135,374,5288,#0066cc,第2層
135,376,1,#0066cc,第2層
135,379,1,#0066cc,第2層
135,382,16,#0066cc,第2層
135,383,725,#0066cc,第2層
135,384,597,#0066cc,第2層
135,385,407,#0066cc,第2層
2,139,3,#699c4c,第1層
139,145,61,#0066cc,第2層
139,146,6,#0066cc,第2層
139,147,157,#0066cc,第2層
139,149,21588,#0066cc,第2層
139,150,57,#0066cc,第2層
139,151,14,#0066cc,第2層
139,152,50,#0066cc,第2層
139,153,11,#0066cc,第2層
139,154,155,#0066cc,第2層
139,156,21525,#0066cc,第2層
139,157,6188,#0066cc,第2層
139,158,1965,#0066cc,第2層
139,159,944,#0066cc,第2層
139,161,9037,#0066cc,第2層
139,162,12,#0066cc,第2層
139,163,47,#0066cc,第2層
139,164,12718,#0066cc,第2層
139,165,3360,#0066cc,第2層
139,166,10138,#0066cc,第2層
139,167,90,#0066cc,第2層
139,168,572,#0066cc,第2層
139,169,523,#0066cc,第2層
139,170,5466,#0066cc,第2層
139,171,8,#0066cc,第2層
139,172,73,#0066cc,第2層
139,173,283,#0066cc,第2層
139,174,1300,#0066cc,第2層
139,175,106,#0066cc,第2層
139,176,610,#0066cc,第2層
139,177,655,#0066cc,第2層
139,178,6235,#0066cc,第2層
139,179,14205,#0066cc,第2層
139,180,437,#0066cc,第2層
139,181,31,#0066cc,第2層
139,182,154,#0066cc,第2層
139,183,4948,#0066cc,第2層
139,184,21812,#0066cc,第2層
139,189,38,#0066cc,第2層
139,190,128,#0066cc,第2層
139,191,467,#0066cc,第2層
139,192,2004,#0066cc,第2層
139,193,2725,#0066cc,第2層
139,194,297,#0066cc,第2層
139,195,2080,#0066cc,第2層
139,196,11482,#0066cc,第2層
139,198,1136,#0066cc,第2層
139,199,30,#0066cc,第2層
139,200,129,#0066cc,第2層
139,201,66,#0066cc,第2層
139,202,21,#0066cc,第2層
139,204,56,#0066cc,第2層
139,205,12,#0066cc,第2層
139,206,15,#0066cc,第2層
139,207,76,#0066cc,第2層
139,208,74,#0066cc,第2層
139,209,215,#0066cc,第2層
139,211,540,#0066cc,第2層
139,217,1,#0066cc,第2層
139,218,6,#0066cc,第2層
139,219,11,#0066cc,第2層
139,220,4,#0066cc,第2層
139,221,202,#0066cc,第2層
139,223,18482,#0066cc,第2層
139,224,3061,#0066cc,第2層
139,226,21700,#0066cc,第2層
139,232,3,#0066cc,第2層
139,233,55,#0066cc,第2層
139,235,36,#0066cc,第2層
139,236,7,#0066cc,第2層
139,238,51,#0066cc,第2層
139,239,116,#0066cc,第2層
139,240,1,#0066cc,第2層
139,242,24,#0066cc,第2層
139,243,1,#0066cc,第2層
139,244,47,#0066cc,第2層
139,245,6,#0066cc,第2層
139,246,225,#0066cc,第2層
139,247,170,#0066cc,第2層
139,248,6913,#0066cc,第2層
139,249,68,#0066cc,第2層
139,250,1288,#0066cc,第2層
139,251,39,#0066cc,第2層
139,252,69,#0066cc,第2層
139,253,11723,#0066cc,第2層
139,254,195,#0066cc,第2層
139,259,1,#0066cc,第2層
139,260,1,#0066cc,第2層
139,261,2,#0066cc,第2層
139,262,1,#0066cc,第2層
139,264,268,#0066cc,第2層
139,265,44,#0066cc,第2層
139,266,239,#0066cc,第2層
139,267,1,#0066cc,第2層
139,268,3,#0066cc,第2層
139,271,3,#0066cc,第2層
139,272,20,#0066cc,第2層
139,274,1,#0066cc,第2層
139,276,172,#0066cc,第2層
139,277,8,#0066cc,第2層
139,279,1304,#0066cc,第2層
139,280,40,#0066cc,第2層
139,281,851,#0066cc,第2層
139,282,77,#0066cc,第2層
139,283,135,#0066cc,第2層
139,284,583,#0066cc,第2層
139,286,128,#0066cc,第2層
139,287,4,#0066cc,第2層
139,288,25,#0066cc,第2層
139,289,1,#0066cc,第2層
139,290,415,#0066cc,第2層
139,293,80,#0066cc,第2層
139,294,264,#0066cc,第2層
139,295,4132,#0066cc,第2層
139,296,2465,#0066cc,第2層
139,297,463,#0066cc,第2層
139,298,533,#0066cc,第2層
139,299,10314,#0066cc,第2層
139,300,19499,#0066cc,第2層
139,301,184,#0066cc,第2層
139,302,734,#0066cc,第2層
139,303,223,#0066cc,第2層
139,304,40,#0066cc,第2層
139,305,399,#0066cc,第2層
139,307,736,#0066cc,第2層
139,308,524,#0066cc,第2層
139,309,334,#0066cc,第2層
139,311,20235,#0066cc,第2層
139,312,91,#0066cc,第2層
139,313,72,#0066cc,第2層
139,314,63,#0066cc,第2層
139,315,54,#0066cc,第2層
139,316,93,#0066cc,第2層
139,317,186,#0066cc,第2層
139,318,163,#0066cc,第2層
139,319,193,#0066cc,第2層
139,320,407,#0066cc,第2層
139,321,52,#0066cc,第2層
139,322,334,#0066cc,第2層
139,323,98,#0066cc,第2層
139,324,148,#0066cc,第2層
139,325,193,#0066cc,第2層
139,326,1175,#0066cc,第2層
139,327,378,#0066cc,第2層
139,328,58,#0066cc,第2層
139,329,1168,#0066cc,第2層
139,330,13,#0066cc,第2層
139,332,85,#0066cc,第2層
139,333,39,#0066cc,第2層
139,334,4742,#0066cc,第2層
139,336,1201,#0066cc,第2層
139,337,1198,#0066cc,第2層
139,338,57,#0066cc,第2層
139,341,26,#0066cc,第2層
139,342,9,#0066cc,第2層
139,343,1,#0066cc,第2層
139,345,2,#0066cc,第2層
139,346,3,#0066cc,第2層
139,348,2,#0066cc,第2層
139,349,9,#0066cc,第2層
139,350,55,#0066cc,第2層
139,352,218,#0066cc,第2層
139,353,196,#0066cc,第2層
139,354,2159,#0066cc,第2層
139,357,438,#0066cc,第2層
139,358,7,#0066cc,第2層
139,361,8,#0066cc,第2層
139,362,7,#0066cc,第2層
139,363,126,#0066cc,第2層
139,365,113,#0066cc,第2層
139,366,26,#0066cc,第2層
139,367,22,#0066cc,第2層
139,368,4,#0066cc,第2層
139,370,1,#0066cc,第2層
139,373,23,#0066cc,第2層
139,374,5609,#0066cc,第2層
139,376,1,#0066cc,第2層
139,379,1,#0066cc,第2層
139,382,18,#0066cc,第2層
139,383,753,#0066cc,第2層
139,384,636,#0066cc,第2層
139,385,433,#0066cc,第2層
2,149,3,#699c4c,第1層
149,150,55,#0066cc,第2層
149,151,14,#0066cc,第2層
149,152,50,#0066cc,第2層
149,153,11,#0066cc,第2層
149,154,105,#0066cc,第2層
149,156,21416,#0066cc,第2層
149,157,6152,#0066cc,第2層
149,158,1954,#0066cc,第2層
149,159,941,#0066cc,第2層
149,161,8987,#0066cc,第2層
149,162,12,#0066cc,第2層
149,163,47,#0066cc,第2層
149,164,12607,#0066cc,第2層
149,165,3315,#0066cc,第2層
149,166,10072,#0066cc,第2層
149,167,90,#0066cc,第2層
149,168,571,#0066cc,第2層
149,169,518,#0066cc,第2層
149,170,5427,#0066cc,第2層
149,171,8,#0066cc,第2層
149,172,73,#0066cc,第2層
149,173,281,#0066cc,第2層
149,174,1297,#0066cc,第2層
149,175,106,#0066cc,第2層
149,176,607,#0066cc,第2層
149,177,647,#0066cc,第2層
149,178,6174,#0066cc,第2層
149,179,14116,#0066cc,第2層
149,180,431,#0066cc,第2層
149,181,31,#0066cc,第2層
149,182,154,#0066cc,第2層
149,183,4904,#0066cc,第2層
149,184,21651,#0066cc,第2層
149,189,38,#0066cc,第2層
149,190,126,#0066cc,第2層
149,191,467,#0066cc,第2層
149,192,1990,#0066cc,第2層
149,193,2707,#0066cc,第2層
149,194,294,#0066cc,第2層
149,195,2063,#0066cc,第2層
149,196,11393,#0066cc,第2層
149,198,1144,#0066cc,第2層
149,199,31,#0066cc,第2層
149,200,126,#0066cc,第2層
149,201,66,#0066cc,第2層
149,202,20,#0066cc,第2層
149,204,56,#0066cc,第2層
149,205,6,#0066cc,第2層
149,206,15,#0066cc,第2層
149,207,75,#0066cc,第2層
149,208,73,#0066cc,第2層
149,209,200,#0066cc,第2層
149,211,541,#0066cc,第2層
149,217,1,#0066cc,第2層
149,218,6,#0066cc,第2層
149,219,10,#0066cc,第2層
149,220,4,#0066cc,第2層
149,221,202,#0066cc,第2層
149,223,18338,#0066cc,第2層
149,224,3045,#0066cc,第2層
149,226,21542,#0066cc,第2層
149,232,3,#0066cc,第2層
149,233,54,#0066cc,第2層
149,235,36,#0066cc,第2層
149,236,7,#0066cc,第2層
149,238,51,#0066cc,第2層
149,239,116,#0066cc,第2層
149,240,1,#0066cc,第2層
149,242,24,#0066cc,第2層
149,243,1,#0066cc,第2層
149,244,47,#0066cc,第2層
149,245,6,#0066cc,第2層
149,246,224,#0066cc,第2層
149,247,170,#0066cc,第2層
149,248,6868,#0066cc,第2層
149,249,67,#0066cc,第2層
149,250,1271,#0066cc,第2層
149,251,39,#0066cc,第2層
149,252,71,#0066cc,第2層
149,253,11632,#0066cc,第2層
149,254,193,#0066cc,第2層
149,259,1,#0066cc,第2層
149,260,1,#0066cc,第2層
149,261,2,#0066cc,第2層
149,262,1,#0066cc,第2層
149,264,266,#0066cc,第2層
149,265,43,#0066cc,第2層
149,266,238,#0066cc,第2層
149,267,1,#0066cc,第2層
149,268,3,#0066cc,第2層
149,271,3,#0066cc,第2層
149,272,19,#0066cc,第2層
149,274,1,#0066cc,第2層
149,276,172,#0066cc,第2層
149,277,8,#0066cc,第2層
149,279,1293,#0066cc,第2層
149,280,39,#0066cc,第2層
149,281,849,#0066cc,第2層
149,282,77,#0066cc,第2層
149,283,132,#0066cc,第2層
149,284,577,#0066cc,第2層
149,286,128,#0066cc,第2層
149,287,4,#0066cc,第2層
149,288,25,#0066cc,第2層
149,289,1,#0066cc,第2層
149,290,413,#0066cc,第2層
149,293,79,#0066cc,第2層
149,294,261,#0066cc,第2層
149,295,4119,#0066cc,第2層
149,296,2441,#0066cc,第2層
149,297,457,#0066cc,第2層
149,298,533,#0066cc,第2層
149,299,10225,#0066cc,第2層
149,300,19349,#0066cc,第2層
149,301,183,#0066cc,第2層
149,302,733,#0066cc,第2層
149,303,220,#0066cc,第2層
149,304,40,#0066cc,第2層
149,305,397,#0066cc,第2層
149,307,732,#0066cc,第2層
149,308,522,#0066cc,第2層
149,309,333,#0066cc,第2層
149,311,20079,#0066cc,第2層
149,312,91,#0066cc,第2層
149,313,72,#0066cc,第2層
149,314,63,#0066cc,第2層
149,315,54,#0066cc,第2層
149,316,94,#0066cc,第2層
149,317,183,#0066cc,第2層
149,318,163,#0066cc,第2層
149,319,192,#0066cc,第2層
149,320,405,#0066cc,第2層
149,321,52,#0066cc,第2層
149,322,331,#0066cc,第2層
149,323,98,#0066cc,第2層
149,324,148,#0066cc,第2層
149,325,193,#0066cc,第2層
149,326,1163,#0066cc,第2層
149,327,375,#0066cc,第2層
149,328,57,#0066cc,第2層
149,329,1158,#0066cc,第2層
149,330,13,#0066cc,第2層
149,332,84,#0066cc,第2層
149,333,39,#0066cc,第2層
149,334,4696,#0066cc,第2層
149,336,1194,#0066cc,第2層
149,337,1193,#0066cc,第2層
149,338,57,#0066cc,第2層
149,341,26,#0066cc,第2層
149,342,8,#0066cc,第2層
149,343,1,#0066cc,第2層
149,345,2,#0066cc,第2層
149,346,3,#0066cc,第2層
149,348,2,#0066cc,第2層
149,349,9,#0066cc,第2層
149,350,54,#0066cc,第2層
149,352,215,#0066cc,第2層
149,353,193,#0066cc,第2層
149,354,2150,#0066cc,第2層
149,357,432,#0066cc,第2層
149,358,7,#0066cc,第2層
149,361,8,#0066cc,第2層
149,362,7,#0066cc,第2層
149,363,126,#0066cc,第2層
149,365,113,#0066cc,第2層
149,366,26,#0066cc,第2層
149,367,22,#0066cc,第2層
149,368,4,#0066cc,第2層
149,370,1,#0066cc,第2層
149,373,24,#0066cc,第2層
149,374,5573,#0066cc,第2層
149,376,1,#0066cc,第2層
149,379,1,#0066cc,第2層
149,382,17,#0066cc,第2層
149,383,744,#0066cc,第2層
149,384,633,#0066cc,第2層
149,385,429,#0066cc,第2層
2,156,3,#699c4c,第1層
156,157,6166,#0066cc,第2層
156,158,1963,#0066cc,第2層
156,159,935,#0066cc,第2層
156,161,9005,#0066cc,第2層
156,162,12,#0066cc,第2層
156,163,46,#0066cc,第2層
156,164,12537,#0066cc,第2層
156,165,3342,#0066cc,第2層
156,166,9988,#0066cc,第2層
156,167,90,#0066cc,第2層
156,168,567,#0066cc,第2層
156,169,521,#0066cc,第2層
156,170,5433,#0066cc,第2層
156,171,8,#0066cc,第2層
156,172,72,#0066cc,第2層
156,173,283,#0066cc,第2層
156,174,1295,#0066cc,第2層
156,175,107,#0066cc,第2層
156,176,609,#0066cc,第2層
156,177,655,#0066cc,第2層
156,178,6206,#0066cc,第2層
156,179,14020,#0066cc,第2層
156,180,438,#0066cc,第2層
156,181,32,#0066cc,第2層
156,182,153,#0066cc,第2層
156,183,4921,#0066cc,第2層
156,184,21598,#0066cc,第2層
156,189,38,#0066cc,第2層
156,190,116,#0066cc,第2層
156,191,450,#0066cc,第2層
156,192,1996,#0066cc,第2層
156,193,2719,#0066cc,第2層
156,194,290,#0066cc,第2層
156,195,2032,#0066cc,第2層
156,196,11369,#0066cc,第2層
156,198,1143,#0066cc,第2層
156,199,31,#0066cc,第2層
156,200,128,#0066cc,第2層
156,201,63,#0066cc,第2層
156,202,21,#0066cc,第2層
156,204,55,#0066cc,第2層
156,205,12,#0066cc,第2層
156,206,14,#0066cc,第2層
156,207,72,#0066cc,第2層
156,208,74,#0066cc,第2層
156,209,219,#0066cc,第2層
156,211,535,#0066cc,第2層
156,217,1,#0066cc,第2層
156,218,6,#0066cc,第2層
156,219,10,#0066cc,第2層
156,220,4,#0066cc,第2層
156,221,203,#0066cc,第2層
156,223,18270,#0066cc,第2層
156,224,3060,#0066cc,第2層
156,226,21488,#0066cc,第2層
156,232,3,#0066cc,第2層
156,233,55,#0066cc,第2層
156,235,36,#0066cc,第2層
156,236,7,#0066cc,第2層
156,238,51,#0066cc,第2層
156,239,116,#0066cc,第2層
156,240,1,#0066cc,第2層
156,242,24,#0066cc,第2層
156,243,1,#0066cc,第2層
156,244,47,#0066cc,第2層
156,245,6,#0066cc,第2層
156,246,224,#0066cc,第2層
156,247,165,#0066cc,第2層
156,248,6852,#0066cc,第2層
156,249,67,#0066cc,第2層
156,250,1271,#0066cc,第2層
156,251,38,#0066cc,第2層
156,252,69,#0066cc,第2層
156,253,11607,#0066cc,第2層
156,254,190,#0066cc,第2層
156,259,1,#0066cc,第2層
156,261,2,#0066cc,第2層
156,262,1,#0066cc,第2層
156,264,265,#0066cc,第2層
156,265,43,#0066cc,第2層
156,266,236,#0066cc,第2層
156,267,1,#0066cc,第2層
156,268,3,#0066cc,第2層
156,271,3,#0066cc,第2層
156,272,21,#0066cc,第2層
156,274,1,#0066cc,第2層
156,276,172,#0066cc,第2層
156,277,8,#0066cc,第2層
156,279,1281,#0066cc,第2層
156,280,40,#0066cc,第2層
156,281,847,#0066cc,第2層
156,282,76,#0066cc,第2層
156,283,134,#0066cc,第2層
156,284,576,#0066cc,第2層
156,286,128,#0066cc,第2層
156,287,4,#0066cc,第2層
156,288,25,#0066cc,第2層
156,289,1,#0066cc,第2層
156,290,409,#0066cc,第2層
156,293,79,#0066cc,第2層
156,294,263,#0066cc,第2層
156,295,4084,#0066cc,第2層
156,296,2445,#0066cc,第2層
156,297,463,#0066cc,第2層
156,298,535,#0066cc,第2層
156,299,10210,#0066cc,第2層
156,300,19304,#0066cc,第2層
156,301,182,#0066cc,第2層
156,302,731,#0066cc,第2層
156,303,220,#0066cc,第2層
156,304,38,#0066cc,第2層
156,305,396,#0066cc,第2層
156,307,730,#0066cc,第2層
156,308,527,#0066cc,第2層
156,309,334,#0066cc,第2層
156,311,20024,#0066cc,第2層
156,312,89,#0066cc,第2層
156,313,71,#0066cc,第2層
156,314,63,#0066cc,第2層
156,315,53,#0066cc,第2層
156,316,94,#0066cc,第2層
156,317,183,#0066cc,第2層
156,318,163,#0066cc,第2層
156,319,192,#0066cc,第2層
156,320,407,#0066cc,第2層
156,321,52,#0066cc,第2層
156,322,327,#0066cc,第2層
156,323,97,#0066cc,第2層
156,324,145,#0066cc,第2層
156,325,191,#0066cc,第2層
156,326,1175,#0066cc,第2層
156,327,375,#0066cc,第2層
156,328,58,#0066cc,第2層
156,329,1147,#0066cc,第2層
156,330,12,#0066cc,第2層
156,332,84,#0066cc,第2層
156,333,39,#0066cc,第2層
156,334,4705,#0066cc,第2層
156,336,1194,#0066cc,第2層
156,337,1189,#0066cc,第2層
156,338,57,#0066cc,第2層
156,341,25,#0066cc,第2層
156,342,9,#0066cc,第2層
156,343,1,#0066cc,第2層
156,345,2,#0066cc,第2層
156,346,3,#0066cc,第2層
156,348,2,#0066cc,第2層
156,349,9,#0066cc,第2層
156,350,56,#0066cc,第2層
156,352,212,#0066cc,第2層
156,353,194,#0066cc,第2層
156,354,2152,#0066cc,第2層
156,357,438,#0066cc,第2層
156,358,7,#0066cc,第2層
156,361,8,#0066cc,第2層
156,362,7,#0066cc,第2層
156,363,110,#0066cc,第2層
156,365,113,#0066cc,第2層
156,366,25,#0066cc,第2層
156,367,22,#0066cc,第2層
156,368,4,#0066cc,第2層
156,370,1,#0066cc,第2層
156,373,25,#0066cc,第2層
156,374,5524,#0066cc,第2層
156,376,1,#0066cc,第2層
156,379,1,#0066cc,第2層
156,382,18,#0066cc,第2層
156,383,754,#0066cc,第2層
156,384,626,#0066cc,第2層
156,385,432,#0066cc,第2層
2,164,3,#699c4c,第1層
164,161,1,#0066cc,第2層
164,165,2088,#0066cc,第2層
164,166,4833,#0066cc,第2層
164,167,70,#0066cc,第2層
164,168,300,#0066cc,第2層
164,169,330,#0066cc,第2層
164,170,3832,#0066cc,第2層
164,171,3,#0066cc,第2層
164,172,65,#0066cc,第2層
164,173,172,#0066cc,第2層
164,174,1086,#0066cc,第2層
164,175,32,#0066cc,第2層
164,176,199,#0066cc,第2層
164,177,392,#0066cc,第2層
164,178,4229,#0066cc,第2層
164,179,7925,#0066cc,第2層
164,180,272,#0066cc,第2層
164,181,19,#0066cc,第2層
164,182,85,#0066cc,第2層
164,183,3249,#0066cc,第2層
164,184,12778,#0066cc,第2層
164,189,18,#0066cc,第2層
164,190,114,#0066cc,第2層
164,191,325,#0066cc,第2層
164,192,1174,#0066cc,第2層
164,193,1541,#0066cc,第2層
164,194,257,#0066cc,第2層
164,195,1208,#0066cc,第2層
164,196,6411,#0066cc,第2層
164,198,766,#0066cc,第2層
164,199,26,#0066cc,第2層
164,200,91,#0066cc,第2層
164,201,62,#0066cc,第2層
164,202,11,#0066cc,第2層
164,204,26,#0066cc,第2層
164,205,8,#0066cc,第2層
164,206,12,#0066cc,第2層
164,207,75,#0066cc,第2層
164,208,60,#0066cc,第2層
164,209,175,#0066cc,第2層
164,211,255,#0066cc,第2層
164,217,1,#0066cc,第2層
164,218,4,#0066cc,第2層
164,219,9,#0066cc,第2層
164,220,4,#0066cc,第2層
164,221,147,#0066cc,第2層
164,223,10711,#0066cc,第2層
164,224,1876,#0066cc,第2層
164,226,12702,#0066cc,第2層
164,232,2,#0066cc,第2層
164,233,27,#0066cc,第2層
164,235,25,#0066cc,第2層
164,236,2,#0066cc,第2層
164,238,26,#0066cc,第2層
164,239,74,#0066cc,第2層
164,240,1,#0066cc,第2層
164,242,9,#0066cc,第2層
164,243,1,#0066cc,第2層
164,244,29,#0066cc,第2層
164,245,4,#0066cc,第2層
164,246,105,#0066cc,第2層
164,247,95,#0066cc,第2層
164,248,3704,#0066cc,第2層
164,249,42,#0066cc,第2層
164,250,749,#0066cc,第2層
164,251,24,#0066cc,第2層
164,252,42,#0066cc,第2層
164,253,7186,#0066cc,第2層
164,254,117,#0066cc,第2層
164,260,1,#0066cc,第2層
164,261,1,#0066cc,第2層
164,264,186,#0066cc,第2層
164,265,30,#0066cc,第2層
164,266,139,#0066cc,第2層
164,267,1,#0066cc,第2層
164,268,2,#0066cc,第2層
164,271,3,#0066cc,第2層
164,272,17,#0066cc,第2層
164,276,125,#0066cc,第2層
164,277,7,#0066cc,第2層
164,279,974,#0066cc,第2層
164,280,22,#0066cc,第2層
164,281,638,#0066cc,第2層
164,282,38,#0066cc,第2層
164,283,122,#0066cc,第2層
164,284,387,#0066cc,第2層
164,286,89,#0066cc,第2層
164,287,2,#0066cc,第2層
164,288,21,#0066cc,第2層
164,289,1,#0066cc,第2層
164,290,347,#0066cc,第2層
164,293,66,#0066cc,第2層
164,294,188,#0066cc,第2層
164,295,1840,#0066cc,第2層
164,296,962,#0066cc,第2層
164,297,326,#0066cc,第2層
164,298,354,#0066cc,第2層
164,299,6403,#0066cc,第2層
164,300,11379,#0066cc,第2層
164,301,104,#0066cc,第2層
164,302,417,#0066cc,第2層
164,303,145,#0066cc,第2層
164,304,22,#0066cc,第2層
164,305,220,#0066cc,第2層
164,307,493,#0066cc,第2層
164,308,362,#0066cc,第2層
164,309,220,#0066cc,第2層
164,311,11752,#0066cc,第2層
164,312,48,#0066cc,第2層
164,313,46,#0066cc,第2層
164,314,35,#0066cc,第2層
164,315,38,#0066cc,第2層
164,316,55,#0066cc,第2層
164,317,127,#0066cc,第2層
164,318,97,#0066cc,第2層
164,319,116,#0066cc,第2層
164,320,292,#0066cc,第2層
164,321,45,#0066cc,第2層
164,322,286,#0066cc,第2層
164,323,67,#0066cc,第2層
164,324,109,#0066cc,第2層
164,325,23,#0066cc,第2層
164,326,695,#0066cc,第2層
164,327,242,#0066cc,第2層
164,328,50,#0066cc,第2層
164,329,916,#0066cc,第2層
164,330,7,#0066cc,第2層
164,332,60,#0066cc,第2層
164,333,27,#0066cc,第2層
164,334,3026,#0066cc,第2層
164,336,11,#0066cc,第2層
164,337,616,#0066cc,第2層
164,338,25,#0066cc,第2層
164,341,14,#0066cc,第2層
164,342,6,#0066cc,第2層
164,345,1,#0066cc,第2層
164,346,3,#0066cc,第2層
164,348,2,#0066cc,第2層
164,349,6,#0066cc,第2層
164,350,45,#0066cc,第2層
164,352,156,#0066cc,第2層
164,353,171,#0066cc,第2層
164,354,1328,#0066cc,第2層
164,357,230,#0066cc,第2層
164,358,3,#0066cc,第2層
164,361,6,#0066cc,第2層
164,362,4,#0066cc,第2層
164,363,121,#0066cc,第2層
164,365,89,#0066cc,第2層
164,366,7,#0066cc,第2層
164,367,21,#0066cc,第2層
164,368,3,#0066cc,第2層
164,370,1,#0066cc,第2層
164,373,19,#0066cc,第2層
164,374,3357,#0066cc,第2層
164,376,1,#0066cc,第2層
164,379,1,#0066cc,第2層
164,382,15,#0066cc,第2層
164,383,515,#0066cc,第2層
164,384,279,#0066cc,第2層
164,385,143,#0066cc,第2層
2,166,1,#699c4c,第1層
166,175,4,#0066cc,第2層
166,176,16,#0066cc,第2層
166,177,21,#0066cc,第2層
166,178,324,#0066cc,第2層
166,179,9806,#0066cc,第2層
166,180,10,#0066cc,第2層
166,181,4,#0066cc,第2層
166,182,6,#0066cc,第2層
166,183,173,#0066cc,第2層
166,184,10174,#0066cc,第2層
166,189,20,#0066cc,第2層
166,190,66,#0066cc,第2層
166,191,262,#0066cc,第2層
166,192,558,#0066cc,第2層
166,193,695,#0066cc,第2層
166,194,122,#0066cc,第2層
166,195,1681,#0066cc,第2層
166,196,5701,#0066cc,第2層
166,198,472,#0066cc,第2層
166,199,17,#0066cc,第2層
166,200,42,#0066cc,第2層
166,201,14,#0066cc,第2層
166,202,9,#0066cc,第2層
166,204,10,#0066cc,第2層
166,205,3,#0066cc,第2層
166,206,8,#0066cc,第2層
166,207,23,#0066cc,第2層
166,208,26,#0066cc,第2層
166,209,88,#0066cc,第2層
166,211,263,#0066cc,第2層
166,218,1,#0066cc,第2層
166,219,6,#0066cc,第2層
166,220,1,#0066cc,第2層
166,221,86,#0066cc,第2層
166,223,8714,#0066cc,第2層
166,224,1367,#0066cc,第2層
166,226,10121,#0066cc,第2層
166,232,1,#0066cc,第2層
166,233,17,#0066cc,第2層
166,235,10,#0066cc,第2層
166,236,3,#0066cc,第2層
166,238,21,#0066cc,第2層
166,239,43,#0066cc,第2層
166,242,8,#0066cc,第2層
166,244,13,#0066cc,第2層
166,245,2,#0066cc,第2層
166,246,115,#0066cc,第2層
166,247,80,#0066cc,第2層
166,248,3240,#0066cc,第2層
166,249,36,#0066cc,第2層
166,250,602,#0066cc,第2層
166,251,10,#0066cc,第2層
166,252,24,#0066cc,第2層
166,253,5511,#0066cc,第2層
166,254,96,#0066cc,第2層
166,260,1,#0066cc,第2層
166,261,1,#0066cc,第2層
166,262,1,#0066cc,第2層
166,264,124,#0066cc,第2層
166,265,19,#0066cc,第2層
166,266,121,#0066cc,第2層
166,267,1,#0066cc,第2層
166,268,1,#0066cc,第2層
166,271,1,#0066cc,第2層
166,272,10,#0066cc,第2層
166,274,1,#0066cc,第2層
166,276,48,#0066cc,第2層
166,277,4,#0066cc,第2層
166,279,454,#0066cc,第2層
166,280,17,#0066cc,第2層
166,281,221,#0066cc,第2層
166,282,23,#0066cc,第2層
166,283,25,#0066cc,第2層
166,284,190,#0066cc,第2層
166,286,33,#0066cc,第2層
166,287,3,#0066cc,第2層
166,288,8,#0066cc,第2層
166,290,186,#0066cc,第2層
166,293,17,#0066cc,第2層
166,294,98,#0066cc,第2層
166,295,2655,#0066cc,第2層
166,296,1389,#0066cc,第2層
166,297,80,#0066cc,第2層
166,298,110,#0066cc,第2層
166,299,4665,#0066cc,第2層
166,300,9129,#0066cc,第2層
166,301,82,#0066cc,第2層
166,302,320,#0066cc,第2層
166,303,112,#0066cc,第2層
166,304,21,#0066cc,第2層
166,305,191,#0066cc,第2層
166,307,319,#0066cc,第2層
166,308,199,#0066cc,第2層
166,309,113,#0066cc,第2層
166,311,9589,#0066cc,第2層
166,312,46,#0066cc,第2層
166,313,30,#0066cc,第2層
166,314,25,#0066cc,第2層
166,315,11,#0066cc,第2層
166,316,29,#0066cc,第2層
166,317,65,#0066cc,第2層
166,318,67,#0066cc,第2層
166,319,94,#0066cc,第2層
166,320,134,#0066cc,第2層
166,321,13,#0066cc,第2層
166,322,146,#0066cc,第2層
166,323,39,#0066cc,第2層
166,324,100,#0066cc,第2層
166,325,139,#0066cc,第2層
166,326,343,#0066cc,第2層
166,327,127,#0066cc,第2層
166,328,12,#0066cc,第2層
166,329,388,#0066cc,第2層
166,330,7,#0066cc,第2層
166,332,24,#0066cc,第2層
166,333,5,#0066cc,第2層
166,334,1601,#0066cc,第2層
166,336,832,#0066cc,第2層
166,337,443,#0066cc,第2層
166,338,30,#0066cc,第2層
166,341,12,#0066cc,第2層
166,342,3,#0066cc,第2層
166,346,1,#0066cc,第2層
166,349,3,#0066cc,第2層
166,350,15,#0066cc,第2層
166,352,77,#0066cc,第2層
166,353,36,#0066cc,第2層
166,354,907,#0066cc,第2層
166,357,190,#0066cc,第2層
166,362,2,#0066cc,第2層
166,363,118,#0066cc,第2層
166,365,29,#0066cc,第2層
166,366,11,#0066cc,第2層
166,367,3,#0066cc,第2層
166,368,1,#0066cc,第2層
166,373,7,#0066cc,第2層
166,374,3882,#0066cc,第2層
166,376,1,#0066cc,第2層
166,379,1,#0066cc,第2層
166,382,12,#0066cc,第2層
166,383,156,#0066cc,第2層
166,384,358,#0066cc,第2層
166,385,196,#0066cc,第2層
2,168,1,#699c4c,第1層
168,175,3,#0066cc,第2層
168,176,37,#0066cc,第2層
168,177,51,#0066cc,第2層
168,178,399,#0066cc,第2層
168,179,84,#0066cc,第2層
168,180,1,#0066cc,第2層
168,181,4,#0066cc,第2層
168,182,67,#0066cc,第2層
168,183,293,#0066cc,第2層
168,184,574,#0066cc,第2層
168,189,2,#0066cc,第2層
168,191,7,#0066cc,第2層
168,192,94,#0066cc,第2層
168,193,128,#0066cc,第2層
168,194,4,#0066cc,第2層
168,195,17,#0066cc,第2層
168,196,258,#0066cc,第2層
168,198,29,#0066cc,第2層
168,200,3,#0066cc,第2層
168,201,4,#0066cc,第2層
168,202,1,#0066cc,第2層
168,204,9,#0066cc,第2層
168,207,1,#0066cc,第2層
168,208,1,#0066cc,第2層
168,209,7,#0066cc,第2層
168,211,7,#0066cc,第2層
168,221,2,#0066cc,第2層
168,223,471,#0066cc,第2層
168,224,98,#0066cc,第2層
168,226,573,#0066cc,第2層
168,233,5,#0066cc,第2層
168,235,1,#0066cc,第2層
168,236,1,#0066cc,第2層
168,239,4,#0066cc,第2層
168,244,3,#0066cc,第2層
168,246,5,#0066cc,第2層
168,247,6,#0066cc,第2層
168,248,181,#0066cc,第2層
168,249,3,#0066cc,第2層
168,250,31,#0066cc,第2層
168,252,1,#0066cc,第2層
168,253,321,#0066cc,第2層
168,254,2,#0066cc,第2層
168,264,3,#0066cc,第2層
168,266,3,#0066cc,第2層
168,276,4,#0066cc,第2層
168,279,32,#0066cc,第2層
168,280,1,#0066cc,第2層
168,281,10,#0066cc,第2層
168,282,3,#0066cc,第2層
168,283,4,#0066cc,第2層
168,284,30,#0066cc,第2層
168,286,4,#0066cc,第2層
168,290,6,#0066cc,第2層
168,293,3,#0066cc,第2層
168,294,4,#0066cc,第2層
168,295,40,#0066cc,第2層
168,296,77,#0066cc,第2層
168,297,26,#0066cc,第2層
168,298,25,#0066cc,第2層
168,299,309,#0066cc,第2層
168,300,533,#0066cc,第2層
168,301,3,#0066cc,第2層
168,302,14,#0066cc,第2層
168,303,3,#0066cc,第2層
168,305,11,#0066cc,第2層
168,307,10,#0066cc,第2層
168,308,14,#0066cc,第2層
168,309,8,#0066cc,第2層
168,311,525,#0066cc,第2層
168,312,2,#0066cc,第2層
168,313,2,#0066cc,第2層
168,314,3,#0066cc,第2層
168,315,1,#0066cc,第2層
168,316,3,#0066cc,第2層
168,317,7,#0066cc,第2層
168,318,9,#0066cc,第2層
168,319,4,#0066cc,第2層
168,320,2,#0066cc,第2層
168,322,6,#0066cc,第2層
168,323,3,#0066cc,第2層
168,324,1,#0066cc,第2層
168,325,3,#0066cc,第2層
168,326,48,#0066cc,第2層
168,327,10,#0066cc,第2層
168,328,2,#0066cc,第2層
168,329,25,#0066cc,第2層
168,332,6,#0066cc,第2層
168,333,2,#0066cc,第2層
168,334,186,#0066cc,第2層
168,336,27,#0066cc,第2層
168,337,18,#0066cc,第2層
168,338,3,#0066cc,第2層
168,341,1,#0066cc,第2層
168,350,3,#0066cc,第2層
168,352,3,#0066cc,第2層
168,353,7,#0066cc,第2層
168,354,79,#0066cc,第2層
168,357,17,#0066cc,第2層
168,358,2,#0066cc,第2層
168,365,2,#0066cc,第2層
168,366,1,#0066cc,第2層
168,368,1,#0066cc,第2層
168,374,64,#0066cc,第2層
168,383,40,#0066cc,第2層
168,384,9,#0066cc,第2層
168,385,17,#0066cc,第2層
2,170,1,#699c4c,第1層
170,175,5,#0066cc,第2層
170,176,223,#0066cc,第2層
170,177,20,#0066cc,第2層
170,178,2179,#0066cc,第2層
170,179,3061,#0066cc,第2層
170,180,5,#0066cc,第2層
170,181,3,#0066cc,第2層
170,182,3,#0066cc,第2層
170,183,2003,#0066cc,第2層
170,184,5487,#0066cc,第2層
170,189,12,#0066cc,第2層
170,190,38,#0066cc,第2層
170,191,125,#0066cc,第2層
170,192,615,#0066cc,第2層
170,193,720,#0066cc,第2層
170,194,87,#0066cc,第2層
170,195,275,#0066cc,第2層
170,196,2904,#0066cc,第2層
170,198,286,#0066cc,第2層
170,199,8,#0066cc,第2層
170,200,54,#0066cc,第2層
170,201,13,#0066cc,第2層
170,202,5,#0066cc,第2層
170,204,2,#0066cc,第2層
170,205,1,#0066cc,第2層
170,206,6,#0066cc,第2層
170,207,25,#0066cc,第2層
170,208,23,#0066cc,第2層
170,209,60,#0066cc,第2層
170,211,163,#0066cc,第2層
170,218,3,#0066cc,第2層
170,219,1,#0066cc,第2層
170,220,1,#0066cc,第2層
170,221,62,#0066cc,第2層
170,223,4490,#0066cc,第2層
170,224,887,#0066cc,第2層
170,226,5451,#0066cc,第2層
170,233,19,#0066cc,第2層
170,235,15,#0066cc,第2層
170,236,1,#0066cc,第2層
170,238,7,#0066cc,第2層
170,239,28,#0066cc,第2層
170,240,1,#0066cc,第2層
170,242,3,#0066cc,第2層
170,243,1,#0066cc,第2層
170,244,6,#0066cc,第2層
170,246,52,#0066cc,第2層
170,247,37,#0066cc,第2層
170,248,1613,#0066cc,第2層
170,249,17,#0066cc,第2層
170,250,331,#0066cc,第2層
170,251,15,#0066cc,第2層
170,252,22,#0066cc,第2層
170,253,2999,#0066cc,第2層
170,254,59,#0066cc,第2層
170,264,79,#0066cc,第2層
170,265,18,#0066cc,第2層
170,266,76,#0066cc,第2層
170,268,1,#0066cc,第2層
170,271,1,#0066cc,第2層
170,272,6,#0066cc,第2層
170,276,77,#0066cc,第2層
170,277,3,#0066cc,第2層
170,279,458,#0066cc,第2層
170,280,9,#0066cc,第2層
170,281,389,#0066cc,第2層
170,282,16,#0066cc,第2層
170,283,62,#0066cc,第2層
170,284,197,#0066cc,第2層
170,286,59,#0066cc,第2層
170,287,1,#0066cc,第2層
170,288,9,#0066cc,第2層
170,289,1,#0066cc,第2層
170,290,114,#0066cc,第2層
170,293,30,#0066cc,第2層
170,294,82,#0066cc,第2層
170,295,905,#0066cc,第2層
170,296,380,#0066cc,第2層
170,297,150,#0066cc,第2層
170,298,132,#0066cc,第2層
170,299,2495,#0066cc,第2層
170,300,4803,#0066cc,第2層
170,301,57,#0066cc,第2層
170,302,205,#0066cc,第2層
170,303,59,#0066cc,第2層
170,304,9,#0066cc,第2層
170,305,101,#0066cc,第2層
170,307,255,#0066cc,第2層
170,308,130,#0066cc,第2層
170,309,118,#0066cc,第2層
170,311,5041,#0066cc,第2層
170,312,23,#0066cc,第2層
170,313,19,#0066cc,第2層
170,314,14,#0066cc,第2層
170,315,17,#0066cc,第2層
170,316,30,#0066cc,第2層
170,317,49,#0066cc,第2層
170,318,48,#0066cc,第2層
170,319,51,#0066cc,第2層
170,320,133,#0066cc,第2層
170,321,13,#0066cc,第2層
170,322,92,#0066cc,第2層
170,323,16,#0066cc,第2層
170,324,28,#0066cc,第2層
170,325,25,#0066cc,第2層
170,326,311,#0066cc,第2層
170,327,137,#0066cc,第2層
170,328,24,#0066cc,第2層
170,329,431,#0066cc,第2層
170,330,3,#0066cc,第2層
170,332,28,#0066cc,第2層
170,333,13,#0066cc,第2層
170,334,1324,#0066cc,第2層
170,336,160,#0066cc,第2層
170,337,527,#0066cc,第2層
170,338,12,#0066cc,第2層
170,341,5,#0066cc,第2層
170,342,3,#0066cc,第2層
170,345,1,#0066cc,第2層
170,346,1,#0066cc,第2層
170,348,2,#0066cc,第2層
170,349,3,#0066cc,第2層
170,350,20,#0066cc,第2層
170,352,82,#0066cc,第2層
170,353,91,#0066cc,第2層
170,354,522,#0066cc,第2層
170,357,113,#0066cc,第2層
170,358,2,#0066cc,第2層
170,361,3,#0066cc,第2層
170,362,1,#0066cc,第2層
170,363,5,#0066cc,第2層
170,365,53,#0066cc,第2層
170,366,10,#0066cc,第2層
170,367,11,#0066cc,第2層
170,368,2,#0066cc,第2層
170,370,1,#0066cc,第2層
170,373,12,#0066cc,第2層
170,374,921,#0066cc,第2層
170,382,3,#0066cc,第2層
170,383,208,#0066cc,第2層
170,384,159,#0066cc,第2層
170,385,86,#0066cc,第2層
2,178,2,#699c4c,第1層
178,180,261,#0066cc,第2層
178,181,14,#0066cc,第2層
178,182,66,#0066cc,第2層
178,183,3040,#0066cc,第2層
178,184,6257,#0066cc,第2層
178,189,11,#0066cc,第2層
178,190,26,#0066cc,第2層
178,191,97,#0066cc,第2層
178,192,868,#0066cc,第2層
178,193,1212,#0066cc,第2層
178,194,74,#0066cc,第2層
178,195,192,#0066cc,第2層
178,196,2983,#0066cc,第2層
178,198,366,#0066cc,第2層
178,199,5,#0066cc,第2層
178,200,34,#0066cc,第2層
178,201,22,#0066cc,第2層
178,202,7,#0066cc,第2層
178,204,29,#0066cc,第2層
178,205,5,#0066cc,第2層
178,206,5,#0066cc,第2層
178,207,20,#0066cc,第2層
178,208,25,#0066cc,第2層
178,209,72,#0066cc,第2層
178,211,131,#0066cc,第2層
178,217,1,#0066cc,第2層
178,218,2,#0066cc,第2層
178,219,4,#0066cc,第2層
178,220,3,#0066cc,第2層
178,221,64,#0066cc,第2層
178,223,5270,#0066cc,第2層
178,224,909,#0066cc,第2層
178,226,6236,#0066cc,第2層
178,232,2,#0066cc,第2層
178,233,19,#0066cc,第2層
178,235,15,#0066cc,第2層
178,236,3,#0066cc,第2層
178,238,21,#0066cc,第2層
178,239,37,#0066cc,第2層
178,240,2,#0066cc,第2層
178,242,10,#0066cc,第2層
178,244,24,#0066cc,第2層
178,245,3,#0066cc,第2層
178,246,66,#0066cc,第2層
178,247,41,#0066cc,第2層
178,248,2046,#0066cc,第2層
178,249,15,#0066cc,第2層
178,250,376,#0066cc,第2層
178,251,12,#0066cc,第2層
178,252,22,#0066cc,第2層
178,253,3294,#0066cc,第2層
178,254,53,#0066cc,第2層
178,259,1,#0066cc,第2層
178,264,69,#0066cc,第2層
178,265,10,#0066cc,第2層
178,266,52,#0066cc,第2層
178,272,5,#0066cc,第2層
178,274,1,#0066cc,第2層
178,276,53,#0066cc,第2層
178,277,2,#0066cc,第2層
178,279,406,#0066cc,第2層
178,280,13,#0066cc,第2層
178,281,305,#0066cc,第2層
178,282,27,#0066cc,第2層
178,283,52,#0066cc,第2層
178,284,208,#0066cc,第2層
178,286,43,#0066cc,第2層
178,288,5,#0066cc,第2層
178,290,99,#0066cc,第2層
178,293,30,#0066cc,第2層
178,294,78,#0066cc,第2層
178,295,672,#0066cc,第2層
178,296,656,#0066cc,第2層
178,297,249,#0066cc,第2層
178,298,316,#0066cc,第2層
178,299,3099,#0066cc,第2層
178,300,5638,#0066cc,第2層
178,301,40,#0066cc,第2層
178,302,210,#0066cc,第2層
178,303,61,#0066cc,第2層
178,304,12,#0066cc,第2層
178,305,112,#0066cc,第2層
178,307,185,#0066cc,第2層
178,308,174,#0066cc,第2層
178,309,102,#0066cc,第2層
178,311,5742,#0066cc,第2層
178,312,28,#0066cc,第2層
178,313,22,#0066cc,第2層
178,314,21,#0066cc,第2層
178,315,24,#0066cc,第2層
178,316,29,#0066cc,第2層
178,317,64,#0066cc,第2層
178,318,52,#0066cc,第2層
178,319,40,#0066cc,第2層
178,320,133,#0066cc,第2層
178,321,27,#0066cc,第2層
178,322,80,#0066cc,第2層
178,323,36,#0066cc,第2層
178,324,29,#0066cc,第2層
178,325,34,#0066cc,第2層
178,326,502,#0066cc,第2層
178,327,118,#0066cc,第2層
178,328,21,#0066cc,第2層
178,329,378,#0066cc,第2層
178,330,3,#0066cc,第2層
178,332,35,#0066cc,第2層
178,333,20,#0066cc,第2層
178,334,1701,#0066cc,第2層
178,336,215,#0066cc,第2層
178,337,325,#0066cc,第2層
178,338,15,#0066cc,第2層
178,341,6,#0066cc,第2層
178,342,4,#0066cc,第2層
178,345,1,#0066cc,第2層
178,346,2,#0066cc,第2層
178,348,2,#0066cc,第2層
178,349,5,#0066cc,第2層
178,350,22,#0066cc,第2層
178,352,80,#0066cc,第2層
178,353,86,#0066cc,第2層
178,354,712,#0066cc,第2層
178,357,139,#0066cc,第2層
178,358,6,#0066cc,第2層
178,361,3,#0066cc,第2層
178,362,3,#0066cc,第2層
178,363,6,#0066cc,第2層
178,365,32,#0066cc,第2層
178,366,7,#0066cc,第2層
178,367,11,#0066cc,第2層
178,368,2,#0066cc,第2層
178,373,6,#0066cc,第2層
178,374,875,#0066cc,第2層
178,382,3,#0066cc,第2層
178,383,426,#0066cc,第2層
178,384,131,#0066cc,第2層
178,385,144,#0066cc,第2層
2,179,1,#699c4c,第1層
179,180,86,#0066cc,第2層
179,181,5,#0066cc,第2層
179,182,36,#0066cc,第2層
179,183,1379,#0066cc,第2層
179,184,14257,#0066cc,第2層
179,189,24,#0066cc,第2層
179,190,93,#0066cc,第2層
179,191,351,#0066cc,第2層
179,192,959,#0066cc,第2層
179,193,1211,#0066cc,第2層
179,194,203,#0066cc,第2層
179,195,1861,#0066cc,第2層
179,196,7874,#0066cc,第2層
179,198,720,#0066cc,第2層
179,199,25,#0066cc,第2層
179,200,90,#0066cc,第2層
179,201,39,#0066cc,第2層
179,202,13,#0066cc,第2層
179,204,21,#0066cc,第2層
179,205,6,#0066cc,第2層
179,206,10,#0066cc,第2層
179,207,55,#0066cc,第2層
179,208,45,#0066cc,第2層
179,209,136,#0066cc,第2層
179,211,383,#0066cc,第2層
179,218,4,#0066cc,第2層
179,219,7,#0066cc,第2層
179,220,1,#0066cc,第2層
179,221,128,#0066cc,第2層
179,223,12069,#0066cc,第2層
179,224,2004,#0066cc,第2層
179,226,14172,#0066cc,第2層
179,232,1,#0066cc,第2層
179,233,28,#0066cc,第2層
179,235,16,#0066cc,第2層
179,236,3,#0066cc,第2層
179,238,26,#0066cc,第2層
179,239,66,#0066cc,第2層
179,242,12,#0066cc,第2層
179,243,1,#0066cc,第2層
179,244,17,#0066cc,第2層
179,245,3,#0066cc,第2層
179,246,148,#0066cc,第2層
179,247,114,#0066cc,第2層
179,248,4397,#0066cc,第2層
179,249,49,#0066cc,第2層
179,250,839,#0066cc,第2層
179,251,21,#0066cc,第2層
179,252,44,#0066cc,第2層
179,253,7796,#0066cc,第2層
179,254,132,#0066cc,第2層
179,260,1,#0066cc,第2層
179,261,2,#0066cc,第2層
179,262,1,#0066cc,第2層
179,264,181,#0066cc,第2層
179,265,34,#0066cc,第2層
179,266,180,#0066cc,第2層
179,267,1,#0066cc,第2層
179,268,2,#0066cc,第2層
179,271,3,#0066cc,第2層
179,272,13,#0066cc,第2層
179,276,112,#0066cc,第2層
179,277,6,#0066cc,第2層
179,279,834,#0066cc,第2層
179,280,22,#0066cc,第2層
179,281,499,#0066cc,第2層
179,282,37,#0066cc,第2層
179,283,78,#0066cc,第2層
179,284,330,#0066cc,第2層
179,286,80,#0066cc,第2層
179,287,4,#0066cc,第2層
179,288,19,#0066cc,第2層
179,289,1,#0066cc,第2層
179,290,290,#0066cc,第2層
179,293,43,#0066cc,第2層
179,294,177,#0066cc,第2層
179,295,3285,#0066cc,第2層
179,296,1659,#0066cc,第2層
179,297,162,#0066cc,第2層
179,298,164,#0066cc,第2層
179,299,6575,#0066cc,第2層
179,300,12678,#0066cc,第2層
179,301,135,#0066cc,第2層
179,302,482,#0066cc,第2層
179,303,151,#0066cc,第2層
179,304,27,#0066cc,第2層
179,305,268,#0066cc,第2層
179,307,518,#0066cc,第2層
179,308,287,#0066cc,第2層
179,309,209,#0066cc,第2層
179,311,13331,#0066cc,第2層
179,312,56,#0066cc,第2層
179,313,46,#0066cc,第2層
179,314,38,#0066cc,第2層
179,315,25,#0066cc,第2層
179,316,58,#0066cc,第2層
179,317,103,#0066cc,第2層
179,318,106,#0066cc,第2層
179,319,148,#0066cc,第2層
179,320,250,#0066cc,第2層
179,321,25,#0066cc,第2層
179,322,235,#0066cc,第2層
179,323,58,#0066cc,第2層
179,324,114,#0066cc,第2層
179,325,149,#0066cc,第2層
179,326,563,#0066cc,第2層
179,327,222,#0066cc,第2層
179,328,31,#0066cc,第2層
179,329,742,#0066cc,第2層
179,330,10,#0066cc,第2層
179,332,46,#0066cc,第2層
179,333,15,#0066cc,第2層
179,334,2651,#0066cc,第2層
179,336,927,#0066cc,第2層
179,337,773,#0066cc,第2層
179,338,41,#0066cc,第2層
179,341,15,#0066cc,第2層
179,342,4,#0066cc,第2層
179,345,1,#0066cc,第2層
179,346,1,#0066cc,第2層
179,349,4,#0066cc,第2層
179,350,34,#0066cc,第2層
179,352,129,#0066cc,第2層
179,353,98,#0066cc,第2層
179,354,1322,#0066cc,第2層
179,357,274,#0066cc,第2層
179,361,3,#0066cc,第2層
179,362,4,#0066cc,第2層
179,363,121,#0066cc,第2層
179,365,73,#0066cc,第2層
179,366,19,#0066cc,第2層
179,367,11,#0066cc,第2層
179,368,1,#0066cc,第2層
179,370,1,#0066cc,第2層
179,373,19,#0066cc,第2層
179,374,4594,#0066cc,第2層
179,376,1,#0066cc,第2層
179,379,1,#0066cc,第2層
179,382,10,#0066cc,第2層
179,383,259,#0066cc,第2層
179,384,458,#0066cc,第2層
179,385,241,#0066cc,第2層
2,184,3,#699c4c,第1層
184,189,38,#0066cc,第2層
184,190,129,#0066cc,第2層
184,191,471,#0066cc,第2層
184,192,2007,#0066cc,第2層
184,193,2728,#0066cc,第2層
184,194,299,#0066cc,第2層
184,195,2087,#0066cc,第2層
184,196,11502,#0066cc,第2層
184,198,1157,#0066cc,第2層
184,199,31,#0066cc,第2層
184,200,129,#0066cc,第2層
184,201,67,#0066cc,第2層
184,202,21,#0066cc,第2層
184,204,56,#0066cc,第2層
184,205,12,#0066cc,第2層
184,206,16,#0066cc,第2層
184,207,76,#0066cc,第2層
184,208,74,#0066cc,第2層
184,209,228,#0066cc,第2層
184,211,542,#0066cc,第2層
184,217,1,#0066cc,第2層
184,218,6,#0066cc,第2層
184,219,11,#0066cc,第2層
184,220,4,#0066cc,第2層
184,221,203,#0066cc,第2層
184,223,18545,#0066cc,第2層
184,224,3076,#0066cc,第2層
184,226,21779,#0066cc,第2層
184,232,3,#0066cc,第2層
184,233,56,#0066cc,第2層
184,235,36,#0066cc,第2層
184,236,7,#0066cc,第2層
184,238,51,#0066cc,第2層
184,239,117,#0066cc,第2層
184,240,2,#0066cc,第2層
184,242,24,#0066cc,第2層
184,243,1,#0066cc,第2層
184,244,46,#0066cc,第2層
184,245,6,#0066cc,第2層
184,246,225,#0066cc,第2層
184,247,170,#0066cc,第2層
184,248,6936,#0066cc,第2層
184,249,68,#0066cc,第2層
184,250,1289,#0066cc,第2層
184,251,39,#0066cc,第2層
184,252,72,#0066cc,第2層
184,253,11769,#0066cc,第2層
184,254,195,#0066cc,第2層
184,259,1,#0066cc,第2層
184,260,1,#0066cc,第2層
184,261,2,#0066cc,第2層
184,262,1,#0066cc,第2層
184,264,271,#0066cc,第2層
184,265,44,#0066cc,第2層
184,266,239,#0066cc,第2層
184,267,1,#0066cc,第2層
184,268,3,#0066cc,第2層
184,271,3,#0066cc,第2層
184,272,21,#0066cc,第2層
184,274,1,#0066cc,第2層
184,276,173,#0066cc,第2層
184,277,8,#0066cc,第2層
184,279,1307,#0066cc,第2層
184,280,40,#0066cc,第2層
184,281,853,#0066cc,第2層
184,282,77,#0066cc,第2層
184,283,136,#0066cc,第2層
184,284,585,#0066cc,第2層
184,286,129,#0066cc,第2層
184,287,4,#0066cc,第2層
184,288,25,#0066cc,第2層
184,289,1,#0066cc,第2層
184,290,417,#0066cc,第2層
184,293,80,#0066cc,第2層
184,294,264,#0066cc,第2層
184,295,4140,#0066cc,第2層
184,296,2471,#0066cc,第2層
184,297,464,#0066cc,第2層
184,298,537,#0066cc,第2層
184,299,10364,#0066cc,第2層
184,300,19570,#0066cc,第2層
184,301,184,#0066cc,第2層
184,302,738,#0066cc,第2層
184,303,223,#0066cc,第2層
184,304,40,#0066cc,第2層
184,305,399,#0066cc,第2層
184,307,741,#0066cc,第2層
184,308,532,#0066cc,第2層
184,309,335,#0066cc,第2層
184,311,20304,#0066cc,第2層
184,312,93,#0066cc,第2層
184,313,72,#0066cc,第2層
184,314,62,#0066cc,第2層
184,315,54,#0066cc,第2層
184,316,94,#0066cc,第2層
184,317,186,#0066cc,第2層
184,318,163,#0066cc,第2層
184,319,193,#0066cc,第2層
184,320,408,#0066cc,第2層
184,321,52,#0066cc,第2層
184,322,335,#0066cc,第2層
184,323,98,#0066cc,第2層
184,324,149,#0066cc,第2層
184,325,194,#0066cc,第2層
184,326,1176,#0066cc,第2層
184,327,379,#0066cc,第2層
184,328,58,#0066cc,第2層
184,329,1171,#0066cc,第2層
184,330,13,#0066cc,第2層
184,332,85,#0066cc,第2層
184,333,39,#0066cc,第2層
184,334,4762,#0066cc,第2層
184,336,1202,#0066cc,第2層
184,337,1198,#0066cc,第2層
184,338,57,#0066cc,第2層
184,341,26,#0066cc,第2層
184,342,9,#0066cc,第2層
184,343,1,#0066cc,第2層
184,345,1,#0066cc,第2層
184,346,3,#0066cc,第2層
184,348,2,#0066cc,第2層
184,349,9,#0066cc,第2層
184,350,56,#0066cc,第2層
184,352,219,#0066cc,第2層
184,353,197,#0066cc,第2層
184,354,2184,#0066cc,第2層
184,357,441,#0066cc,第2層
184,358,7,#0066cc,第2層
184,361,8,#0066cc,第2層
184,362,7,#0066cc,第2層
184,363,128,#0066cc,第2層
184,365,113,#0066cc,第2層
184,366,26,#0066cc,第2層
184,367,22,#0066cc,第2層
184,368,4,#0066cc,第2層
184,370,1,#0066cc,第2層
184,373,25,#0066cc,第2層
184,374,5623,#0066cc,第2層
184,376,1,#0066cc,第2層
184,379,1,#0066cc,第2層
184,382,18,#0066cc,第2層
184,383,755,#0066cc,第2層
184,384,636,#0066cc,第2層
184,385,434,#0066cc,第2層
2,196,2,#699c4c,第1層
196,223,9702,#0066cc,第2層
196,224,1724,#0066cc,第2層
196,226,11446,#0066cc,第2層
196,232,2,#0066cc,第2層
196,233,19,#0066cc,第2層
196,235,11,#0066cc,第2層
196,236,5,#0066cc,第2層
196,238,24,#0066cc,第2層
196,239,59,#0066cc,第2層
196,240,1,#0066cc,第2層
196,242,14,#0066cc,第2層
196,244,20,#0066cc,第2層
196,245,1,#0066cc,第2層
196,246,122,#0066cc,第2層
196,247,101,#0066cc,第2層
196,248,4199,#0066cc,第2層
196,249,32,#0066cc,第2層
196,250,755,#0066cc,第2層
196,251,17,#0066cc,第2層
196,252,26,#0066cc,第2層
196,253,5652,#0066cc,第2層
196,254,99,#0066cc,第2層
196,261,1,#0066cc,第2層
196,262,1,#0066cc,第2層
196,264,155,#0066cc,第2層
196,265,25,#0066cc,第2層
196,266,146,#0066cc,第2層
196,267,1,#0066cc,第2層
196,268,2,#0066cc,第2層
196,271,2,#0066cc,第2層
196,272,13,#0066cc,第2層
196,274,1,#0066cc,第2層
196,277,1,#0066cc,第2層
196,279,1049,#0066cc,第2層
196,280,23,#0066cc,第2層
196,281,748,#0066cc,第2層
196,282,13,#0066cc,第2層
196,283,106,#0066cc,第2層
196,284,374,#0066cc,第2層
196,289,1,#0066cc,第2層
196,290,63,#0066cc,第2層
196,293,58,#0066cc,第2層
196,294,140,#0066cc,第2層
196,295,3406,#0066cc,第2層
196,296,1934,#0066cc,第2層
196,297,259,#0066cc,第2層
196,298,301,#0066cc,第2層
196,299,3029,#0066cc,第2層
196,300,10359,#0066cc,第2層
196,301,96,#0066cc,第2層
196,302,385,#0066cc,第2層
196,303,115,#0066cc,第2層
196,304,22,#0066cc,第2層
196,305,207,#0066cc,第2層
196,307,332,#0066cc,第2層
196,308,206,#0066cc,第2層
196,309,101,#0066cc,第2層
196,311,10887,#0066cc,第2層
196,312,42,#0066cc,第2層
196,313,34,#0066cc,第2層
196,314,31,#0066cc,第2層
196,315,19,#0066cc,第2層
196,316,42,#0066cc,第2層
196,317,56,#0066cc,第2層
196,318,98,#0066cc,第2層
196,319,107,#0066cc,第2層
196,320,366,#0066cc,第2層
196,321,46,#0066cc,第2層
196,322,32,#0066cc,第2層
196,323,40,#0066cc,第2層
196,324,68,#0066cc,第2層
196,326,161,#0066cc,第2層
196,327,102,#0066cc,第2層
196,328,46,#0066cc,第2層
196,329,982,#0066cc,第2層
196,330,5,#0066cc,第2層
196,332,35,#0066cc,第2層
196,333,12,#0066cc,第2層
196,334,1495,#0066cc,第2層
196,336,653,#0066cc,第2層
196,337,949,#0066cc,第2層
196,338,44,#0066cc,第2層
196,341,17,#0066cc,第2層
196,342,9,#0066cc,第2層
196,343,1,#0066cc,第2層
196,345,1,#0066cc,第2層
196,346,3,#0066cc,第2層
196,349,8,#0066cc,第2層
196,350,33,#0066cc,第2層
196,352,138,#0066cc,第2層
196,353,172,#0066cc,第2層
196,354,1024,#0066cc,第2層
196,357,234,#0066cc,第2層
196,358,1,#0066cc,第2層
196,361,1,#0066cc,第2層
196,362,2,#0066cc,第2層
196,363,38,#0066cc,第2層
196,370,1,#0066cc,第2層
196,373,1,#0066cc,第2層
196,374,3791,#0066cc,第2層
196,382,1,#0066cc,第2層
196,383,423,#0066cc,第2層
196,384,525,#0066cc,第2層
196,385,330,#0066cc,第2層
2,201,1,#699c4c,第1層
201,223,54,#0066cc,第2層
201,224,12,#0066cc,第2層
201,226,66,#0066cc,第2層
201,239,1,#0066cc,第2層
201,244,1,#0066cc,第2層
201,247,1,#0066cc,第2層
201,248,26,#0066cc,第2層
201,250,3,#0066cc,第2層
201,252,1,#0066cc,第2層
201,253,31,#0066cc,第2層
201,254,1,#0066cc,第2層
201,266,1,#0066cc,第2層
201,268,1,#0066cc,第2層
201,281,2,#0066cc,第2層
201,284,1,#0066cc,第2層
201,290,1,#0066cc,第2層
201,294,1,#0066cc,第2層
201,295,5,#0066cc,第2層
201,296,5,#0066cc,第2層
201,297,2,#0066cc,第2層
201,298,2,#0066cc,第2層
201,299,48,#0066cc,第2層
201,300,58,#0066cc,第2層
201,301,1,#0066cc,第2層
201,302,4,#0066cc,第2層
201,305,2,#0066cc,第2層
201,307,2,#0066cc,第2層
201,311,59,#0066cc,第2層
201,312,1,#0066cc,第2層
201,314,1,#0066cc,第2層
201,316,3,#0066cc,第2層
201,317,3,#0066cc,第2層
201,319,1,#0066cc,第2層
201,323,2,#0066cc,第2層
201,324,2,#0066cc,第2層
201,327,1,#0066cc,第2層
201,332,3,#0066cc,第2層
201,333,1,#0066cc,第2層
201,334,33,#0066cc,第2層
201,354,22,#0066cc,第2層
201,357,1,#0066cc,第2層
201,383,1,#0066cc,第2層
2,223,2,#699c4c,第1層
223,226,18485,#0066cc,第2層
223,232,3,#0066cc,第2層
223,233,54,#0066cc,第2層
223,235,28,#0066cc,第2層
223,236,6,#0066cc,第2層
223,238,44,#0066cc,第2層
223,239,103,#0066cc,第2層
223,240,1,#0066cc,第2層
223,242,22,#0066cc,第2層
223,244,41,#0066cc,第2層
223,245,5,#0066cc,第2層
223,246,198,#0066cc,第2層
223,247,148,#0066cc,第2層
223,248,5924,#0066cc,第2層
223,249,59,#0066cc,第2層
223,250,1062,#0066cc,第2層
223,251,32,#0066cc,第2層
223,252,62,#0066cc,第2層
223,253,10246,#0066cc,第2層
223,254,172,#0066cc,第2層
223,259,1,#0066cc,第2層
223,260,1,#0066cc,第2層
223,261,2,#0066cc,第2層
223,262,1,#0066cc,第2層
223,264,101,#0066cc,第2層
223,265,27,#0066cc,第2層
223,266,174,#0066cc,第2層
223,268,2,#0066cc,第2層
223,271,1,#0066cc,第2層
223,272,10,#0066cc,第2層
223,274,1,#0066cc,第2層
223,276,17,#0066cc,第2層
223,277,2,#0066cc,第2層
223,279,1125,#0066cc,第2層
223,280,30,#0066cc,第2層
223,281,723,#0066cc,第2層
223,282,71,#0066cc,第2層
223,283,99,#0066cc,第2層
223,284,445,#0066cc,第2層
223,286,10,#0066cc,第2層
223,288,1,#0066cc,第2層
223,289,1,#0066cc,第2層
223,290,344,#0066cc,第2層
223,293,72,#0066cc,第2層
223,294,238,#0066cc,第2層
223,295,3553,#0066cc,第2層
223,296,2095,#0066cc,第2層
223,297,394,#0066cc,第2層
223,298,459,#0066cc,第2層
223,299,8894,#0066cc,第2層
223,300,16886,#0066cc,第2層
223,301,164,#0066cc,第2層
223,302,643,#0066cc,第2層
223,303,199,#0066cc,第2層
223,304,34,#0066cc,第2層
223,305,305,#0066cc,第2層
223,307,324,#0066cc,第2層
223,308,433,#0066cc,第2層
223,309,147,#0066cc,第2層
223,311,17420,#0066cc,第2層
223,312,75,#0066cc,第2層
223,313,62,#0066cc,第2層
223,314,50,#0066cc,第2層
223,315,45,#0066cc,第2層
223,316,69,#0066cc,第2層
223,317,137,#0066cc,第2層
223,318,117,#0066cc,第2層
223,319,179,#0066cc,第2層
223,320,353,#0066cc,第2層
223,321,44,#0066cc,第2層
223,322,304,#0066cc,第2層
223,323,82,#0066cc,第2層
223,324,117,#0066cc,第2層
223,325,167,#0066cc,第2層
223,326,1047,#0066cc,第2層
223,327,317,#0066cc,第2層
223,328,52,#0066cc,第2層
223,329,999,#0066cc,第2層
223,330,11,#0066cc,第2層
223,332,63,#0066cc,第2層
223,333,36,#0066cc,第2層
223,334,4130,#0066cc,第2層
223,336,1064,#0066cc,第2層
223,337,1022,#0066cc,第2層
223,338,51,#0066cc,第2層
223,341,22,#0066cc,第2層
223,342,8,#0066cc,第2層
223,343,1,#0066cc,第2層
223,345,1,#0066cc,第2層
223,346,3,#0066cc,第2層
223,348,2,#0066cc,第2層
223,349,7,#0066cc,第2層
223,350,36,#0066cc,第2層
223,352,181,#0066cc,第2層
223,353,144,#0066cc,第2層
223,354,1649,#0066cc,第2層
223,357,361,#0066cc,第2層
223,358,4,#0066cc,第2層
223,361,6,#0066cc,第2層
223,362,7,#0066cc,第2層
223,363,113,#0066cc,第2層
223,365,20,#0066cc,第2層
223,366,1,#0066cc,第2層
223,367,3,#0066cc,第2層
223,368,1,#0066cc,第2層
223,370,1,#0066cc,第2層
223,373,5,#0066cc,第2層
223,374,4858,#0066cc,第2層
223,379,1,#0066cc,第2層
223,382,9,#0066cc,第2層
223,383,649,#0066cc,第2層
223,384,544,#0066cc,第2層
223,385,368,#0066cc,第2層
2,224,1,#699c4c,第1層
224,226,3040,#0066cc,第2層
224,233,2,#0066cc,第2層
224,235,8,#0066cc,第2層
224,236,1,#0066cc,第2層
224,238,7,#0066cc,第2層
224,239,14,#0066cc,第2層
224,240,1,#0066cc,第2層
224,242,2,#0066cc,第2層
224,243,1,#0066cc,第2層
224,244,6,#0066cc,第2層
224,245,1,#0066cc,第2層
224,246,27,#0066cc,第2層
224,247,22,#0066cc,第2層
224,248,1014,#0066cc,第2層
224,249,9,#0066cc,第2層
224,250,230,#0066cc,第2層
224,251,7,#0066cc,第2層
224,252,10,#0066cc,第2層
224,253,1522,#0066cc,第2層
224,254,23,#0066cc,第2層
224,264,78,#0066cc,第2層
224,265,11,#0066cc,第2層
224,266,51,#0066cc,第2層
224,271,1,#0066cc,第2層
224,272,6,#0066cc,第2層
224,276,12,#0066cc,第2層
224,277,3,#0066cc,第2層
224,279,179,#0066cc,第2層
224,280,10,#0066cc,第2層
224,281,124,#0066cc,第2層
224,282,4,#0066cc,第2層
224,283,38,#0066cc,第2層
224,284,134,#0066cc,第2層
224,286,9,#0066cc,第2層
224,288,3,#0066cc,第2層
224,290,65,#0066cc,第2層
224,293,8,#0066cc,第2層
224,294,26,#0066cc,第2層
224,295,556,#0066cc,第2層
224,296,371,#0066cc,第2層
224,297,64,#0066cc,第2層
224,298,78,#0066cc,第2層
224,299,1415,#0066cc,第2層
224,300,2685,#0066cc,第2層
224,301,20,#0066cc,第2層
224,302,95,#0066cc,第2層
224,303,24,#0066cc,第2層
224,304,6,#0066cc,第2層
224,305,98,#0066cc,第2層
224,307,156,#0066cc,第2層
224,308,89,#0066cc,第2層
224,309,66,#0066cc,第2層
224,311,2774,#0066cc,第2層
224,312,18,#0066cc,第2層
224,313,10,#0066cc,第2層
224,314,13,#0066cc,第2層
224,315,9,#0066cc,第2層
224,316,23,#0066cc,第2層
224,317,42,#0066cc,第2層
224,318,40,#0066cc,第2層
224,319,14,#0066cc,第2層
224,320,53,#0066cc,第2層
224,321,6,#0066cc,第2層
224,322,31,#0066cc,第2層
224,323,16,#0066cc,第2層
224,324,31,#0066cc,第2層
224,325,27,#0066cc,第2層
224,326,128,#0066cc,第2層
224,327,62,#0066cc,第2層
224,328,6,#0066cc,第2層
224,329,169,#0066cc,第2層
224,330,2,#0066cc,第2層
224,332,20,#0066cc,第2層
224,333,3,#0066cc,第2層
224,334,611,#0066cc,第2層
224,336,127,#0066cc,第2層
224,337,169,#0066cc,第2層
224,338,6,#0066cc,第2層
224,341,4,#0066cc,第2層
224,342,1,#0066cc,第2層
224,345,1,#0066cc,第2層
224,349,2,#0066cc,第2層
224,350,20,#0066cc,第2層
224,352,33,#0066cc,第2層
224,353,53,#0066cc,第2層
224,354,515,#0066cc,第2層
224,357,76,#0066cc,第2層
224,358,3,#0066cc,第2層
224,361,2,#0066cc,第2層
224,363,15,#0066cc,第2層
224,365,10,#0066cc,第2層
224,366,3,#0066cc,第2層
224,367,1,#0066cc,第2層
224,373,2,#0066cc,第2層
224,374,740,#0066cc,第2層
224,376,1,#0066cc,第2層
224,382,6,#0066cc,第2層
224,383,100,#0066cc,第2層
224,384,80,#0066cc,第2層
224,385,66,#0066cc,第2層
2,226,2,#699c4c,第1層
226,232,3,#0066cc,第2層
226,233,57,#0066cc,第2層
226,235,36,#0066cc,第2層
226,236,7,#0066cc,第2層
226,238,50,#0066cc,第2層
226,239,117,#0066cc,第2層
226,240,2,#0066cc,第2層
226,242,24,#0066cc,第2層
226,243,1,#0066cc,第2層
226,244,47,#0066cc,第2層
226,245,6,#0066cc,第2層
226,246,225,#0066cc,第2層
226,247,170,#0066cc,第2層
226,248,6945,#0066cc,第2層
226,249,68,#0066cc,第2層
226,250,1292,#0066cc,第2層
226,251,39,#0066cc,第2層
226,252,72,#0066cc,第2層
226,253,11768,#0066cc,第2層
226,254,195,#0066cc,第2層
226,259,1,#0066cc,第2層
226,260,1,#0066cc,第2層
226,261,2,#0066cc,第2層
226,262,1,#0066cc,第2層
226,264,214,#0066cc,第2層
226,265,42,#0066cc,第2層
226,266,198,#0066cc,第2層
226,267,1,#0066cc,第2層
226,268,3,#0066cc,第2層
226,271,3,#0066cc,第2層
226,272,21,#0066cc,第2層
226,274,1,#0066cc,第2層
226,276,162,#0066cc,第2層
226,277,7,#0066cc,第2層
226,279,1305,#0066cc,第2層
226,280,39,#0066cc,第2層
226,281,848,#0066cc,第2層
226,282,78,#0066cc,第2層
226,283,137,#0066cc,第2層
226,284,578,#0066cc,第2層
226,286,122,#0066cc,第2層
226,287,4,#0066cc,第2層
226,288,23,#0066cc,第2層
226,290,421,#0066cc,第2層
226,293,80,#0066cc,第2層
226,294,263,#0066cc,第2層
226,295,4119,#0066cc,第2層
226,296,2469,#0066cc,第2層
226,297,460,#0066cc,第2層
226,298,535,#0066cc,第2層
226,299,10318,#0066cc,第2層
226,300,19582,#0066cc,第2層
226,301,184,#0066cc,第2層
226,302,738,#0066cc,第2層
226,303,223,#0066cc,第2層
226,304,40,#0066cc,第2層
226,305,405,#0066cc,第2層
226,307,628,#0066cc,第2層
226,308,526,#0066cc,第2層
226,309,330,#0066cc,第2層
226,311,20226,#0066cc,第2層
226,312,93,#0066cc,第2層
226,313,71,#0066cc,第2層
226,314,64,#0066cc,第2層
226,315,54,#0066cc,第2層
226,316,91,#0066cc,第2層
226,317,183,#0066cc,第2層
226,318,162,#0066cc,第2層
226,319,193,#0066cc,第2層
226,320,407,#0066cc,第2層
226,321,50,#0066cc,第2層
226,322,337,#0066cc,第2層
226,323,98,#0066cc,第2層
226,324,149,#0066cc,第2層
226,325,194,#0066cc,第2層
226,326,1176,#0066cc,第2層
226,327,378,#0066cc,第2層
226,328,58,#0066cc,第2層
226,329,1169,#0066cc,第2層
226,330,13,#0066cc,第2層
226,332,84,#0066cc,第2層
226,333,39,#0066cc,第2層
226,334,4756,#0066cc,第2層
226,336,1189,#0066cc,第2層
226,337,1190,#0066cc,第2層
226,338,57,#0066cc,第2層
226,341,25,#0066cc,第2層
226,342,9,#0066cc,第2層
226,343,1,#0066cc,第2層
226,345,2,#0066cc,第2層
226,346,3,#0066cc,第2層
226,348,2,#0066cc,第2層
226,349,9,#0066cc,第2層
226,350,55,#0066cc,第2層
226,352,211,#0066cc,第2層
226,353,197,#0066cc,第2層
226,354,2172,#0066cc,第2層
226,357,441,#0066cc,第2層
226,358,7,#0066cc,第2層
226,361,8,#0066cc,第2層
226,362,7,#0066cc,第2層
226,363,127,#0066cc,第2層
226,365,105,#0066cc,第2層
226,366,25,#0066cc,第2層
226,367,21,#0066cc,第2層
226,368,3,#0066cc,第2層
226,373,25,#0066cc,第2層
226,374,5605,#0066cc,第2層
226,376,1,#0066cc,第2層
226,379,1,#0066cc,第2層
226,382,18,#0066cc,第2層
226,383,748,#0066cc,第2層
226,384,630,#0066cc,第2層
226,385,435,#0066cc,第2層
2,248,1,#699c4c,第1層
248,279,526,#0066cc,第2層
248,280,8,#0066cc,第2層
248,281,402,#0066cc,第2層
248,282,8,#0066cc,第2層
248,283,104,#0066cc,第2層
248,284,194,#0066cc,第2層
248,290,202,#0066cc,第2層
248,293,51,#0066cc,第2層
248,294,41,#0066cc,第2層
248,295,1534,#0066cc,第2層
248,296,1490,#0066cc,第2層
248,297,112,#0066cc,第2層
248,298,278,#0066cc,第2層
248,299,1995,#0066cc,第2層
248,300,6757,#0066cc,第2層
248,301,14,#0066cc,第2層
248,302,110,#0066cc,第2層
248,303,7,#0066cc,第2層
248,304,18,#0066cc,第2層
248,305,110,#0066cc,第2層
248,308,246,#0066cc,第2層
248,309,59,#0066cc,第2層
248,311,6468,#0066cc,第2層
248,312,23,#0066cc,第2層
248,313,22,#0066cc,第2層
248,314,29,#0066cc,第2層
248,315,15,#0066cc,第2層
248,316,35,#0066cc,第2層
248,317,67,#0066cc,第2層
248,318,52,#0066cc,第2層
248,319,29,#0066cc,第2層
248,320,240,#0066cc,第2層
248,321,3,#0066cc,第2層
248,322,199,#0066cc,第2層
248,323,14,#0066cc,第2層
248,324,32,#0066cc,第2層
248,325,127,#0066cc,第2層
248,326,169,#0066cc,第2層
248,327,133,#0066cc,第2層
248,328,40,#0066cc,第2層
248,329,499,#0066cc,第2層
248,330,5,#0066cc,第2層
248,332,36,#0066cc,第2層
248,333,14,#0066cc,第2層
248,334,1135,#0066cc,第2層
248,336,351,#0066cc,第2層
248,337,380,#0066cc,第2層
248,338,27,#0066cc,第2層
248,341,9,#0066cc,第2層
248,350,31,#0066cc,第2層
248,352,23,#0066cc,第2層
248,353,156,#0066cc,第2層
248,354,381,#0066cc,第2層
248,357,109,#0066cc,第2層
248,358,1,#0066cc,第2層
248,361,2,#0066cc,第2層
248,363,39,#0066cc,第2層
248,365,2,#0066cc,第2層
248,373,1,#0066cc,第2層
248,374,2300,#0066cc,第2層
248,382,5,#0066cc,第2層
248,383,279,#0066cc,第2層
248,384,152,#0066cc,第2層
248,385,273,#0066cc,第2層
2,250,1,#699c4c,第1層
250,279,73,#0066cc,第2層
250,281,90,#0066cc,第2層
250,282,1,#0066cc,第2層
250,283,19,#0066cc,第2層
250,284,54,#0066cc,第2層
250,290,88,#0066cc,第2層
250,293,5,#0066cc,第2層
250,294,21,#0066cc,第2層
250,295,253,#0066cc,第2層
250,296,229,#0066cc,第2層
250,297,16,#0066cc,第2層
250,298,49,#0066cc,第2層
250,299,394,#0066cc,第2層
250,300,1252,#0066cc,第2層
250,301,1,#0066cc,第2層
250,302,25,#0066cc,第2層
250,303,1,#0066cc,第2層
250,305,36,#0066cc,第2層
250,308,35,#0066cc,第2層
250,309,13,#0066cc,第2層
250,311,1199,#0066cc,第2層
250,312,12,#0066cc,第2層
250,313,9,#0066cc,第2層
250,314,3,#0066cc,第2層
250,315,7,#0066cc,第2層
250,316,7,#0066cc,第2層
250,317,6,#0066cc,第2層
250,318,24,#0066cc,第2層
250,319,15,#0066cc,第2層
250,320,49,#0066cc,第2層
250,321,2,#0066cc,第2層
250,322,91,#0066cc,第2層
250,323,1,#0066cc,第2層
250,324,6,#0066cc,第2層
250,325,16,#0066cc,第2層
250,326,32,#0066cc,第2層
250,327,40,#0066cc,第2層
250,328,4,#0066cc,第2層
250,329,66,#0066cc,第2層
250,330,1,#0066cc,第2層
250,332,1,#0066cc,第2層
250,333,1,#0066cc,第2層
250,334,198,#0066cc,第2層
250,336,65,#0066cc,第2層
250,337,73,#0066cc,第2層
250,338,7,#0066cc,第2層
250,342,5,#0066cc,第2層
250,350,3,#0066cc,第2層
250,352,5,#0066cc,第2層
250,353,25,#0066cc,第2層
250,354,80,#0066cc,第2層
250,357,27,#0066cc,第2層
250,358,1,#0066cc,第2層
250,363,8,#0066cc,第2層
250,365,1,#0066cc,第2層
250,374,395,#0066cc,第2層
250,376,1,#0066cc,第2層
250,382,1,#0066cc,第2層
250,383,47,#0066cc,第2層
250,384,30,#0066cc,第2層
250,385,43,#0066cc,第2層
2,264,1,#699c4c,第1層
264,279,10,#0066cc,第2層
264,280,2,#0066cc,第2層
264,281,15,#0066cc,第2層
264,282,1,#0066cc,第2層
264,284,14,#0066cc,第2層
264,290,3,#0066cc,第2層
264,295,66,#0066cc,第2層
264,296,9,#0066cc,第2層
264,297,14,#0066cc,第2層
264,298,3,#0066cc,第2層
264,299,134,#0066cc,第2層
264,307,272,#0066cc,第2層
264,308,11,#0066cc,第2層
264,309,12,#0066cc,第2層
264,311,227,#0066cc,第2層
264,314,1,#0066cc,第2層
264,316,6,#0066cc,第2層
264,317,11,#0066cc,第2層
264,318,4,#0066cc,第2層
264,320,3,#0066cc,第2層
264,321,4,#0066cc,第2層
264,324,1,#0066cc,第2層
264,325,1,#0066cc,第2層
264,327,4,#0066cc,第2層
264,329,7,#0066cc,第2層
264,332,5,#0066cc,第2層
264,334,41,#0066cc,第2層
264,336,21,#0066cc,第2層
264,337,18,#0066cc,第2層
264,341,2,#0066cc,第2層
264,350,1,#0066cc,第2層
264,352,21,#0066cc,第2層
264,353,1,#0066cc,第2層
264,354,47,#0066cc,第2層
264,357,4,#0066cc,第2層
264,362,1,#0066cc,第2層
264,374,54,#0066cc,第2層
264,383,17,#0066cc,第2層
264,384,21,#0066cc,第2層
264,385,1,#0066cc,第2層
2,284,1,#699c4c,第1層
284,300,507,#0066cc,第2層
284,301,3,#0066cc,第2層
284,302,16,#0066cc,第2層
284,303,6,#0066cc,第2層
284,304,3,#0066cc,第2層
284,305,26,#0066cc,第2層
284,307,24,#0066cc,第2層
284,308,19,#0066cc,第2層
284,309,12,#0066cc,第2層
284,311,521,#0066cc,第2層
284,312,3,#0066cc,第2層
284,313,3,#0066cc,第2層
284,314,4,#0066cc,第2層
284,315,1,#0066cc,第2層
284,316,3,#0066cc,第2層
284,317,14,#0066cc,第2層
284,318,5,#0066cc,第2層
284,320,1,#0066cc,第2層
284,323,1,#0066cc,第2層
284,326,15,#0066cc,第2層
284,327,10,#0066cc,第2層
284,328,1,#0066cc,第2層
284,332,8,#0066cc,第2層
284,333,3,#0066cc,第2層
284,334,110,#0066cc,第2層
284,336,8,#0066cc,第2層
284,337,32,#0066cc,第2層
284,338,1,#0066cc,第2層
284,341,9,#0066cc,第2層
284,342,2,#0066cc,第2層
284,346,2,#0066cc,第2層
284,350,39,#0066cc,第2層
284,352,21,#0066cc,第2層
284,353,90,#0066cc,第2層
284,354,204,#0066cc,第2層
284,357,21,#0066cc,第2層
284,358,1,#0066cc,第2層
284,363,2,#0066cc,第2層
284,373,1,#0066cc,第2層
284,374,34,#0066cc,第2層
284,383,3,#0066cc,第2層
284,384,2,#0066cc,第2層
2,296,1,#699c4c,第1層
296,300,2341,#0066cc,第2層
296,301,9,#0066cc,第2層
296,302,51,#0066cc,第2層
296,303,15,#0066cc,第2層
296,304,2,#0066cc,第2層
296,305,29,#0066cc,第2層
296,307,27,#0066cc,第2層
296,308,56,#0066cc,第2層
296,309,24,#0066cc,第2層
296,311,2338,#0066cc,第2層
296,312,6,#0066cc,第2層
296,313,12,#0066cc,第2層
296,314,7,#0066cc,第2層
296,315,2,#0066cc,第2層
296,316,4,#0066cc,第2層
296,317,6,#0066cc,第2層
296,318,19,#0066cc,第2層
296,319,11,#0066cc,第2層
296,323,4,#0066cc,第2層
296,324,6,#0066cc,第2層
296,325,22,#0066cc,第2層
296,326,24,#0066cc,第2層
296,327,17,#0066cc,第2層
296,329,6,#0066cc,第2層
296,330,2,#0066cc,第2層
296,332,5,#0066cc,第2層
296,334,188,#0066cc,第2層
296,336,67,#0066cc,第2層
296,337,166,#0066cc,第2層
296,338,35,#0066cc,第2層
296,341,3,#0066cc,第2層
296,342,1,#0066cc,第2層
296,345,1,#0066cc,第2層
296,349,1,#0066cc,第2層
296,352,3,#0066cc,第2層
296,354,179,#0066cc,第2層
296,357,49,#0066cc,第2層
296,361,1,#0066cc,第2層
296,363,3,#0066cc,第2層
296,374,1295,#0066cc,第2層
296,383,1,#0066cc,第2層
296,384,1,#0066cc,第2層
296,385,425,#0066cc,第2層
2,299,1,#699c4c,第1層
299,300,9233,#0066cc,第2層
299,301,124,#0066cc,第2層
299,302,382,#0066cc,第2層
299,303,111,#0066cc,第2層
299,304,23,#0066cc,第2層
299,305,209,#0066cc,第2層
299,307,290,#0066cc,第2層
299,308,281,#0066cc,第2層
299,309,83,#0066cc,第2層
299,311,9553,#0066cc,第2層
299,312,54,#0066cc,第2層
299,313,47,#0066cc,第2層
299,314,38,#0066cc,第2層
299,315,39,#0066cc,第2層
299,316,65,#0066cc,第2層
299,317,134,#0066cc,第2層
299,318,78,#0066cc,第2層
299,319,59,#0066cc,第2層
299,320,7,#0066cc,第2層
299,322,3,#0066cc,第2層
299,323,86,#0066cc,第2層
299,324,132,#0066cc,第2層
299,325,33,#0066cc,第2層
299,326,1082,#0066cc,第2層
299,327,277,#0066cc,第2層
299,328,2,#0066cc,第2層
299,329,29,#0066cc,第2層
299,330,6,#0066cc,第2層
299,332,57,#0066cc,第2層
299,333,33,#0066cc,第2層
299,334,3899,#0066cc,第2層
299,336,871,#0066cc,第2層
299,337,246,#0066cc,第2層
299,338,3,#0066cc,第2層
299,341,5,#0066cc,第2層
299,342,6,#0066cc,第2層
299,343,1,#0066cc,第2層
299,345,1,#0066cc,第2層
299,346,1,#0066cc,第2層
299,349,7,#0066cc,第2層
299,350,2,#0066cc,第2層
299,352,125,#0066cc,第2層
299,353,2,#0066cc,第2層
299,354,1346,#0066cc,第2層
299,357,280,#0066cc,第2層
299,358,6,#0066cc,第2層
299,361,7,#0066cc,第2層
299,362,5,#0066cc,第2層
299,363,96,#0066cc,第2層
299,365,8,#0066cc,第2層
299,366,1,#0066cc,第2層
299,367,2,#0066cc,第2層
299,373,4,#0066cc,第2層
299,374,1986,#0066cc,第2層
299,379,1,#0066cc,第2層
299,382,7,#0066cc,第2層
299,383,42,#0066cc,第2層
299,384,20,#0066cc,第2層
299,385,9,#0066cc,第2層
2,300,2,#699c4c,第1層
300,308,531,#0066cc,第2層
300,309,133,#0066cc,第2層
300,311,18562,#0066cc,第2層
300,312,68,#0066cc,第2層
300,313,50,#0066cc,第2層
300,314,51,#0066cc,第2層
300,315,42,#0066cc,第2層
300,316,58,#0066cc,第2層
300,317,95,#0066cc,第2層
300,318,112,#0066cc,第2層
300,319,174,#0066cc,第2層
300,320,384,#0066cc,第2層
300,321,41,#0066cc,第2層
300,322,345,#0066cc,第2層
300,323,93,#0066cc,第2層
300,324,133,#0066cc,第2層
300,325,183,#0066cc,第2層
300,326,1118,#0066cc,第2層
300,327,367,#0066cc,第2層
300,328,54,#0066cc,第2層
300,329,1091,#0066cc,第2層
300,330,10,#0066cc,第2層
300,332,47,#0066cc,第2層
300,333,29,#0066cc,第2層
300,334,4329,#0066cc,第2層
300,336,981,#0066cc,第2層
300,337,1059,#0066cc,第2層
300,338,53,#0066cc,第2層
300,341,20,#0066cc,第2層
300,342,9,#0066cc,第2層
300,343,1,#0066cc,第2層
300,345,2,#0066cc,第2層
300,346,3,#0066cc,第2層
300,348,2,#0066cc,第2層
300,349,9,#0066cc,第2層
300,350,51,#0066cc,第2層
300,352,157,#0066cc,第2層
300,353,190,#0066cc,第2層
300,354,1936,#0066cc,第2層
300,357,412,#0066cc,第2層
300,358,7,#0066cc,第2層
300,361,8,#0066cc,第2層
300,362,4,#0066cc,第2層
300,363,117,#0066cc,第2層
300,365,7,#0066cc,第2層
300,367,2,#0066cc,第2層
300,373,6,#0066cc,第2層
300,374,5180,#0066cc,第2層
300,376,1,#0066cc,第2層
300,379,1,#0066cc,第2層
300,382,11,#0066cc,第2層
300,383,680,#0066cc,第2層
300,384,549,#0066cc,第2層
300,385,416,#0066cc,第2層
2,307,1,#699c4c,第1層
307,264,126,#0066cc,第2層
307,265,4,#0066cc,第2層
307,266,53,#0066cc,第2層
307,276,142,#0066cc,第2層
307,277,3,#0066cc,第2層
307,279,6,#0066cc,第2層
307,280,1,#0066cc,第2層
307,281,9,#0066cc,第2層
307,282,1,#0066cc,第2層
307,284,9,#0066cc,第2層
307,286,105,#0066cc,第2層
307,287,4,#0066cc,第2層
307,288,22,#0066cc,第2層
307,289,1,#0066cc,第2層
307,290,16,#0066cc,第2層
307,294,1,#0066cc,第2層
307,295,46,#0066cc,第2層
307,296,10,#0066cc,第2層
307,297,6,#0066cc,第2層
307,298,1,#0066cc,第2層
307,299,91,#0066cc,第2層
307,308,29,#0066cc,第2層
307,309,163,#0066cc,第2層
307,311,484,#0066cc,第2層
307,312,5,#0066cc,第2層
307,313,5,#0066cc,第2層
307,314,5,#0066cc,第2層
307,315,2,#0066cc,第2層
307,316,13,#0066cc,第2層
307,317,28,#0066cc,第2層
307,318,8,#0066cc,第2層
307,319,3,#0066cc,第2層
307,320,5,#0066cc,第2層
307,321,8,#0066cc,第2層
307,322,1,#0066cc,第2層
307,324,1,#0066cc,第2層
307,325,2,#0066cc,第2層
307,326,5,#0066cc,第2層
307,327,4,#0066cc,第2層
307,329,21,#0066cc,第2層
307,332,9,#0066cc,第2層
307,334,107,#0066cc,第2層
307,336,57,#0066cc,第2層
307,337,39,#0066cc,第2層
307,341,2,#0066cc,第2層
307,350,2,#0066cc,第2層
307,352,33,#0066cc,第2層
307,353,1,#0066cc,第2層
307,354,88,#0066cc,第2層
307,357,9,#0066cc,第2層
307,362,2,#0066cc,第2層
307,363,4,#0066cc,第2層
307,365,105,#0066cc,第2層
307,366,25,#0066cc,第2層
307,367,20,#0066cc,第2層
307,368,4,#0066cc,第2層
307,370,1,#0066cc,第2層
307,373,19,#0066cc,第2層
307,374,118,#0066cc,第2層
307,382,7,#0066cc,第2層
307,383,23,#0066cc,第2層
307,384,35,#0066cc,第2層
307,385,4,#0066cc,第2層
2,308,1,#699c4c,第1層
308,319,1,#0066cc,第2層
308,320,6,#0066cc,第2層
308,322,29,#0066cc,第2層
308,324,2,#0066cc,第2層
308,325,1,#0066cc,第2層
308,326,61,#0066cc,第2層
308,327,14,#0066cc,第2層
308,328,6,#0066cc,第2層
308,329,27,#0066cc,第2層
308,332,1,#0066cc,第2層
308,333,1,#0066cc,第2層
308,334,160,#0066cc,第2層
308,336,15,#0066cc,第2層
308,337,18,#0066cc,第2層
308,342,1,#0066cc,第2層
308,346,1,#0066cc,第2層
308,350,1,#0066cc,第2層
308,352,9,#0066cc,第2層
308,353,4,#0066cc,第2層
308,354,83,#0066cc,第2層
308,357,7,#0066cc,第2層
308,362,1,#0066cc,第2層
308,363,2,#0066cc,第2層
308,365,8,#0066cc,第2層
308,367,3,#0066cc,第2層
308,368,1,#0066cc,第2層
308,374,94,#0066cc,第2層
308,382,2,#0066cc,第2層
308,383,25,#0066cc,第2層
308,384,9,#0066cc,第2層
308,385,8,#0066cc,第2層
2,311,2,#699c4c,第1層
311,319,189,#0066cc,第2層
311,320,399,#0066cc,第2層
311,321,51,#0066cc,第2層
311,322,312,#0066cc,第2層
311,323,97,#0066cc,第2層
311,324,139,#0066cc,第2層
311,325,181,#0066cc,第2層
311,326,1093,#0066cc,第2層
311,327,358,#0066cc,第2層
311,328,48,#0066cc,第2層
311,329,1129,#0066cc,第2層
311,330,13,#0066cc,第2層
311,332,3,#0066cc,第2層
311,333,35,#0066cc,第2層
311,334,4348,#0066cc,第2層
311,336,1138,#0066cc,第2層
311,337,1137,#0066cc,第2層
311,338,54,#0066cc,第2層
311,341,23,#0066cc,第2層
311,342,8,#0066cc,第2層
311,343,1,#0066cc,第2層
311,345,2,#0066cc,第2層
311,346,2,#0066cc,第2層
311,348,2,#0066cc,第2層
311,349,9,#0066cc,第2層
311,350,46,#0066cc,第2層
311,352,196,#0066cc,第2層
311,353,189,#0066cc,第2層
311,354,1987,#0066cc,第2層
311,357,415,#0066cc,第2層
311,358,7,#0066cc,第2層
311,361,8,#0066cc,第2層
311,362,5,#0066cc,第2層
311,363,121,#0066cc,第2層
311,365,18,#0066cc,第2層
311,366,4,#0066cc,第2層
311,367,6,#0066cc,第2層
311,368,1,#0066cc,第2層
311,373,7,#0066cc,第2層
311,374,5419,#0066cc,第2層
311,376,1,#0066cc,第2層
311,379,1,#0066cc,第2層
311,382,9,#0066cc,第2層
311,383,718,#0066cc,第2層
311,384,618,#0066cc,第2層
311,385,413,#0066cc,第2層
2,334,1,#699c4c,第1層
334,319,1,#0066cc,第2層
334,320,2,#0066cc,第2層
334,321,1,#0066cc,第2層
334,322,1,#0066cc,第2層
334,326,3,#0066cc,第2層
334,327,5,#0066cc,第2層
334,329,19,#0066cc,第2層
334,330,1,#0066cc,第2層
334,336,4,#0066cc,第2層
334,337,12,#0066cc,第2層
334,350,12,#0066cc,第2層
334,354,18,#0066cc,第2層
334,357,80,#0066cc,第2層
334,363,2,#0066cc,第2層
334,365,11,#0066cc,第2層
334,367,3,#0066cc,第2層
334,368,1,#0066cc,第2層
334,373,3,#0066cc,第2層
334,374,81,#0066cc,第2層
334,382,6,#0066cc,第2層
334,383,26,#0066cc,第2層
334,384,18,#0066cc,第2層
334,385,7,#0066cc,第2層
2,354,2,#699c4c,第1層
354,319,2,#0066cc,第2層
354,320,1,#0066cc,第2層
354,321,1,#0066cc,第2層
354,322,1,#0066cc,第2層
354,326,3,#0066cc,第2層
354,327,2,#0066cc,第2層
354,329,2,#0066cc,第2層
354,330,1,#0066cc,第2層
354,332,1,#0066cc,第2層
354,334,18,#0066cc,第2層
354,350,1,#0066cc,第2層
354,357,10,#0066cc,第2層
354,373,2,#0066cc,第2層
354,374,3,#0066cc,第2層
354,379,1,#0066cc,第2層
354,382,2,#0066cc,第2層
354,383,1,#0066cc,第2層
354,384,2,#0066cc,第2層
354,385,1,#0066cc,第2層
